__attribute__((aligned(16))) unsigned char conv_weight[] = {
0x56, 0x8d, 0x23, 0xba, 0x28, 0x1b, 0x37, 0x3d, 0x64, 0x77, 0x8c, 0xbd, 0x56, 0x33, 0x7b, 0xbd, 0x4e, 0x77, 0x03, 0xbd, 0xe6, 0x0f, 0xb7, 0x3c, 0xab, 0x69, 0xd8, 0xba, 0xdf, 0x51, 0x87, 0x3d, 
0x96, 0x54, 0xf2, 0xbb, 0x66, 0xa4, 0xb4, 0x3c, 0x90, 0x4f, 0xce, 0xbc, 0x4b, 0x30, 0x86, 0xbc, 0xd0, 0x0b, 0xa3, 0xbd, 0x18, 0x0f, 0x62, 0xbd, 0x9b, 0xb4, 0x0c, 0xbd, 0xab, 0x4e, 0x4a, 0x3b, 
0xeb, 0xf0, 0x06, 0x3d, 0xcb, 0xce, 0x4c, 0x3d, 0x66, 0x67, 0x67, 0xbd, 0x53, 0xa3, 0x14, 0xbd, 0xcb, 0xf4, 0xf7, 0x3c, 0x34, 0xb8, 0x8d, 0x3d, 0x30, 0x7e, 0x8c, 0xbc, 0x7b, 0x6c, 0x7f, 0x3d, 
0xab, 0x11, 0x5c, 0xbc, 0xb6, 0x78, 0x10, 0x3c, 0xdc, 0x88, 0x9a, 0x3d, 0x8a, 0x52, 0x9e, 0xbd, 0xde, 0xe1, 0x56, 0xbd, 0xd6, 0xd3, 0xac, 0xbc, 0x3e, 0x0d, 0x05, 0xbd, 0xc6, 0x74, 0x93, 0x3d, 
0xce, 0x3e, 0x5d, 0xbd, 0x80, 0x20, 0x1d, 0xbd, 0x23, 0x78, 0x6e, 0xbd, 0xfa, 0xd6, 0x9f, 0xbd, 0x06, 0x40, 0x47, 0xbd, 0x6a, 0xb4, 0x92, 0x3d, 0x28, 0x4f, 0x18, 0x3d, 0x56, 0x6f, 0x25, 0x3d, 
0x2b, 0x9c, 0x8f, 0x3b, 0xf8, 0xfe, 0x2e, 0xbd, 0x56, 0xfe, 0x66, 0x3c, 0xbf, 0x59, 0x9f, 0xbd, 0xce, 0xa2, 0x76, 0xbd, 0xb3, 0xf7, 0x2f, 0xbd, 0x33, 0x5c, 0x57, 0x3d, 0x88, 0x21, 0x48, 0x3d, 
0x30, 0x61, 0x17, 0xbd, 0xd6, 0x0e, 0x45, 0xbb, 0xab, 0x4d, 0x5a, 0x3d, 0x57, 0xaa, 0xa9, 0x3d, 0x18, 0x78, 0x07, 0x3d, 0x60, 0x72, 0x38, 0x3c, 0xfe, 0xdb, 0x64, 0x3d, 0x56, 0xfa, 0x48, 0xbd, 
0xf6, 0x6b, 0x7e, 0x3c, 0x9e, 0x51, 0x84, 0xbd, 0xcb, 0x92, 0x6c, 0xbd, 0xc3, 0x53, 0x30, 0xbd, 0xb3, 0x71, 0x1a, 0x3d, 0x50, 0x45, 0x09, 0x3d, 0x8e, 0x30, 0x4a, 0xbd, 0x0b, 0x3d, 0xce, 0x3c, 
0xe8, 0x61, 0x3b, 0x3d, 0x2b, 0x54, 0x2c, 0xbc, 0xab, 0x85, 0x50, 0x3b, 0x56, 0x2d, 0x9e, 0x3c, 0x56, 0xc1, 0x53, 0x3d, 0x86, 0xdf, 0xa3, 0x3d, 0x0f, 0x85, 0x83, 0xbd, 0x3b, 0x2d, 0xfa, 0xbc, 
0xbb, 0x25, 0x06, 0x3d, 0xe0, 0x67, 0x8d, 0x3d, 0xf0, 0x83, 0x94, 0x3d, 0xc2, 0x96, 0x96, 0x3d, 0x50, 0xdc, 0x87, 0x3c, 0xa6, 0x68, 0x94, 0xbd, 0x6b, 0x33, 0xfb, 0x3b, 0x3b, 0x8a, 0x55, 0xbd, 
0xb3, 0x0d, 0x9f, 0xbd, 0xd4, 0xa2, 0x97, 0x3d, 0xa0, 0xc4, 0x81, 0x3d, 0xaa, 0x3e, 0xaa, 0xbd, 0x60, 0x8d, 0x7f, 0x3c, 0x0b, 0x01, 0x66, 0xbc, 0x4b, 0xae, 0x60, 0xbc, 0x68, 0x3f, 0x1c, 0xbd, 
0x08, 0x43, 0x03, 0x3d, 0x46, 0x2c, 0x4a, 0xbd, 0x7b, 0x42, 0xfa, 0x3c, 0x73, 0x9d, 0x2c, 0x3d, 0xd0, 0x59, 0x74, 0x3d, 0xb6, 0x41, 0xff, 0x3c, 0x32, 0xea, 0xa8, 0xbd, 0x00, 0x6c, 0x5d, 0xbd, 
0xd0, 0x6e, 0x2a, 0x3d, 0x10, 0xe2, 0x8e, 0x3c, 0x64, 0x22, 0x85, 0xbd, 0xe0, 0x8b, 0x44, 0xbd, 0xf7, 0x8d, 0xa0, 0x3d, 0x1b, 0xff, 0x65, 0x3d, 0x76, 0xd4, 0x14, 0xbd, 0x1b, 0xd1, 0xab, 0xbc, 
0xa6, 0x93, 0xa2, 0xbd, 0x56, 0x53, 0xc4, 0xba, 0xa6, 0x85, 0x80, 0xbd, 0x17, 0xa5, 0x83, 0xbd, 0x6b, 0x75, 0x96, 0xbb, 0x80, 0xff, 0x4c, 0x3c, 0x4e, 0xc9, 0x0b, 0xbd, 0x20, 0x8a, 0x4a, 0x3d, 
0xf6, 0xb6, 0x4f, 0xbd, 0x9b, 0xdb, 0x9a, 0x3d, 0x6b, 0xea, 0x69, 0x3d, 0x98, 0xeb, 0x8f, 0xbd, 0xb0, 0xe7, 0xa9, 0xbc, 0x00, 0x6e, 0x76, 0x3b, 0x20, 0x34, 0x47, 0x3c, 0x36, 0xe9, 0xa1, 0x3c, 
0xe8, 0xf2, 0x05, 0x3d, 0x40, 0x91, 0xa3, 0x3b, 0xde, 0x8b, 0x26, 0xbd, 0xe3, 0x83, 0x21, 0x3d, 0x3a, 0xb6, 0xa3, 0xbd, 0x80, 0x4f, 0x4a, 0xbd, 0x50, 0xe4, 0xaa, 0xbc, 0x9e, 0x44, 0x26, 0xbd, 
0xd0, 0xd1, 0xee, 0xbc, 0xd2, 0xe1, 0x8b, 0xbd, 0xab, 0x36, 0x91, 0xbc, 0xa6, 0xec, 0x91, 0x3c, 0xf3, 0x5d, 0x5e, 0xbd, 0xd6, 0x22, 0x8c, 0xbb, 0x00, 0x58, 0x74, 0x3d, 0x4b, 0x5b, 0x0c, 0xbc, 
0x56, 0xc8, 0x17, 0x3b, 0x56, 0x92, 0xeb, 0xbb, 0xb6, 0x28, 0x8a, 0x3c, 0x80, 0x08, 0x59, 0x3d, 0xd2, 0xa9, 0xa1, 0x3d, 0x08, 0xc4, 0x58, 0x3d, 0x83, 0x08, 0xa2, 0x3d, 0x80, 0x7c, 0xc5, 0xbb, 
0x44, 0x50, 0x99, 0xbd, 0x80, 0xd1, 0x21, 0xbd, 0x68, 0x6a, 0x68, 0x3d, 0xab, 0x9c, 0x0d, 0xba, 0x93, 0xa8, 0x29, 0xbd, 0xac, 0xc8, 0x82, 0xbd, 0x00, 0xb8, 0x9f, 0xbd, 0x48, 0x0b, 0x90, 0xbd, 
0x4b, 0x78, 0x8a, 0xbc, 0x73, 0x30, 0x3b, 0x3d, 0xf0, 0x89, 0x38, 0x3d, 0xac, 0x98, 0xa4, 0xbd, 0xe8, 0xea, 0x54, 0x3d, 0x5c, 0x8c, 0x85, 0xbd, 0xa0, 0x52, 0x90, 0xbc, 0xbe, 0x66, 0x0a, 0xbd, 
0xf6, 0x7d, 0x83, 0xbc, 0x60, 0x09, 0x86, 0xbc, 0xd2, 0x25, 0x99, 0xbd, 0x2e, 0x5c, 0x93, 0xbd, 0x8b, 0xa5, 0x55, 0xbc, 0x00, 0x41, 0x8d, 0x3a, 0x26, 0x0f, 0x1b, 0xbd, 0x7b, 0x94, 0x00, 0x3d, 
0x27, 0x9c, 0x99, 0xbd, 0x00, 0x49, 0xb8, 0xbb, 0x6c, 0x16, 0x96, 0x3d, 0x26, 0x3a, 0x0b, 0xbd, 0xcf, 0x1c, 0x9a, 0x3d, 0xf6, 0x3a, 0xf7, 0x3c, 0x1f, 0x05, 0x9a, 0xbd, 0xf0, 0xf5, 0x57, 0x3d, 
0x4b, 0x8d, 0x1d, 0xbc, 0xa0, 0x5f, 0x18, 0xbd, 0x63, 0x79, 0x88, 0x3d, 0x38, 0xea, 0x89, 0xbd, 0xcb, 0x81, 0x12, 0x3c, 0xd6, 0xed, 0x8e, 0xbc, 0x1e, 0xc0, 0x73, 0x3d, 0x0b, 0x90, 0xbe, 0x3c, 
0x33, 0x03, 0x24, 0x3d, 0x00, 0x17, 0xf1, 0x3c, 0x00, 0x2a, 0xa4, 0xbc, 0x8b, 0x91, 0x8f, 0xbc, 0xab, 0xa4, 0x8c, 0xbd, 0x10, 0xf3, 0x38, 0x3d, 0x6f, 0x81, 0x87, 0x3d, 0x7b, 0x8c, 0x69, 0x3d, 
0xe6, 0xc4, 0x70, 0xbd, 0x2b, 0x93, 0x73, 0x3b, 0x16, 0x9e, 0x70, 0xbd, 0x0b, 0xe6, 0x3b, 0xbd, 0x96, 0xe5, 0x46, 0xbd, 0x46, 0x4c, 0xe9, 0x3c, 0xb0, 0x67, 0x4b, 0xbd, 0x56, 0x4d, 0xee, 0xba, 
0x80, 0xbf, 0x65, 0x3b, 0x06, 0x08, 0x5c, 0x3d, 0xa7, 0x02, 0x81, 0xbd, 0x5b, 0x54, 0x6a, 0xbd, 0xfb, 0x32, 0x46, 0xbd, 0x1e, 0xe9, 0x6e, 0x3d, 0x10, 0x65, 0xf5, 0xbc, 0x96, 0xf4, 0x8f, 0x3d, 
0x80, 0xdb, 0xf6, 0x3c, 0x00, 0xe3, 0x2c, 0x3c, 0x00, 0x9e, 0x22, 0xba, 0x5b, 0xf3, 0x86, 0xbc, 0xab, 0x4d, 0x2b, 0x3c, 0x20, 0xe2, 0x9b, 0xbc, 0xab, 0x7e, 0x19, 0xba, 0x00, 0x35, 0x2e, 0x3c, 
0x10, 0x7f, 0x85, 0xbd, 0x4e, 0xe7, 0x32, 0xbd, 0xe6, 0xcf, 0x89, 0x3d, 0x04, 0x81, 0x8a, 0xbd, 0x2b, 0x14, 0xc4, 0xbb, 0x80, 0xd4, 0xa8, 0x3d, 0xc0, 0x9a, 0xf6, 0x3c, 0x80, 0xa0, 0x1a, 0x3b, 
0xc4, 0xe6, 0x93, 0xbd, 0xc8, 0x16, 0x29, 0x3d, 0x0b, 0x20, 0x73, 0xbd, 0xe0, 0xc8, 0xc1, 0xbc, 0xbb, 0x0b, 0xe5, 0xbc, 0x4b, 0x30, 0x4a, 0xbc, 0x56, 0xf3, 0x6e, 0x3a, 0x64, 0xc4, 0x8c, 0x3d, 
0x56, 0x72, 0x2a, 0x3c, 0x6b, 0xdd, 0x98, 0x3d, 0x40, 0xcc, 0x50, 0x3d, 0xb3, 0xcb, 0x57, 0xbd, 0xe3, 0x16, 0x19, 0x3d, 0x86, 0x49, 0x71, 0xbd, 0x68, 0xaa, 0x10, 0xbd, 0xab, 0xc9, 0xc8, 0x3c, 
0x40, 0x69, 0xe1, 0x3c, 0xf7, 0x09, 0x80, 0x3d, 0xe0, 0xc2, 0xdb, 0xbc, 0xab, 0xe2, 0x0b, 0x39, 0xf8, 0xb9, 0x2f, 0x3d, 0xe7, 0x0c, 0xa5, 0xbd, 0x03, 0xc7, 0x76, 0x3d, 0xcb, 0x20, 0x8d, 0xbd, 
0xab, 0x8a, 0x96, 0x3a, 0x2b, 0x21, 0x68, 0xbc, 0x63, 0xc5, 0x33, 0xbd, 0x20, 0x75, 0x34, 0x3c, 0xa2, 0x20, 0x8d, 0x3d, 0x8b, 0x8e, 0xc7, 0xbc, 0xc8, 0xa5, 0x4a, 0xbd, 0x06, 0x7a, 0xfc, 0xbc, 
0xef, 0x27, 0xa9, 0xbd, 0x68, 0x13, 0x1a, 0x3d, 0x16, 0xee, 0x23, 0xbd, 0x16, 0xc9, 0x63, 0xbd, 0x83, 0xa4, 0x44, 0xbd, 0x6e, 0x40, 0x44, 0x3d, 0xdb, 0xc2, 0x34, 0x3d, 0x8b, 0xfd, 0x82, 0x3d, 
0x76, 0x9e, 0xf7, 0x3c, 0xb0, 0xfb, 0xe3, 0xbc, 0x1b, 0xc5, 0xbe, 0xbc, 0x20, 0xae, 0xc9, 0x3c, 0x3f, 0x4b, 0x8c, 0x3d, 0x9b, 0x9c, 0xb9, 0x3c, 0x13, 0x80, 0x21, 0xbd, 0xfe, 0x73, 0x20, 0xbd, 
0x2c, 0x5c, 0xa1, 0xbd, 0x20, 0x7d, 0x93, 0x3c, 0xe0, 0x8c, 0x3f, 0xbd, 0x8b, 0x29, 0x98, 0xbd, 0x52, 0xa7, 0x95, 0x3d, 0x6b, 0xaa, 0x5d, 0xbd, 0x8b, 0x52, 0x1b, 0xbc, 0x60, 0x94, 0xc3, 0x3c, 
0x2b, 0xfd, 0x2d, 0x3b, 0x4e, 0xad, 0x65, 0xbd, 0x1e, 0xf4, 0x89, 0xbd, 0x10, 0x09, 0x88, 0x3d, 0x40, 0x54, 0x5e, 0x3c, 0xda, 0x96, 0x8d, 0x3d, 0x8b, 0xdb, 0xe4, 0xbc, 0x4b, 0x15, 0xc9, 0x3c, 
0x10, 0x1c, 0x9c, 0xbc, 0x2b, 0xdf, 0x72, 0xbb, 0x18, 0xe3, 0x4f, 0xbd, 0xe6, 0xe0, 0xe6, 0x3c, 0x00, 0xd6, 0xd7, 0x3c, 0xab, 0x51, 0xe1, 0xba, 0x80, 0x88, 0x99, 0xbc, 0x76, 0x68, 0x52, 0xbd, 
0x1b, 0x0c, 0x6c, 0x3d, 0xc6, 0x18, 0x7e, 0xbd, 0x1e, 0xd5, 0x0b, 0x3d, 0x90, 0x8c, 0xe5, 0xbc, 0xb3, 0xae, 0x24, 0xbd, 0x80, 0x46, 0x75, 0x3c, 0xd8, 0x4e, 0x31, 0xbd, 0x2b, 0x4a, 0x9d, 0x3c, 
0x0b, 0x10, 0x86, 0x3c, 0xb8, 0x6f, 0x7d, 0xbd, 0x76, 0x53, 0x63, 0x3c, 0x43, 0x62, 0x11, 0x3d, 0x3e, 0x1c, 0x07, 0x3d, 0xcb, 0xdd, 0x2b, 0xbc, 0x12, 0xe9, 0x8b, 0xbd, 0xc0, 0x78, 0x52, 0xbc, 
0x6b, 0x18, 0xed, 0x3c, 0xe6, 0x16, 0xf9, 0xbc, 0x4e, 0x90, 0x01, 0x3d, 0xb3, 0x50, 0x63, 0x3d, 0x4e, 0x3a, 0x32, 0xbd, 0x56, 0x6f, 0x57, 0x3a, 0x18, 0x24, 0x0d, 0x3d, 0x16, 0x06, 0xd6, 0x3b, 
0xc0, 0x18, 0xe4, 0x3b, 0xa0, 0x7b, 0x2a, 0x3c, 0x52, 0x2b, 0x86, 0xbd, 0x2b, 0x99, 0xd6, 0x3b, 0xf0, 0x5c, 0x6c, 0x3d, 0x43, 0xca, 0x99, 0x3d, 0x76, 0x9e, 0x48, 0x3d, 0x76, 0xf5, 0x36, 0x3c, 
0x53, 0x68, 0x1f, 0x3d, 0x3e, 0x0d, 0x26, 0xbd, 0xf3, 0x6d, 0x8d, 0xbd, 0x87, 0xc2, 0x92, 0xbd, 0x3c, 0x42, 0xaa, 0x3d, 0xbe, 0xac, 0x58, 0x3d, 0xee, 0xf0, 0x6b, 0xbd, 0x4e, 0x8b, 0x05, 0x3d, 
0xc7, 0xe1, 0x80, 0x3d, 0xd7, 0x99, 0xaa, 0x3d, 0xe6, 0x3a, 0x95, 0x3d, 0x83, 0x39, 0x84, 0x3d, 0xf6, 0x81, 0x9c, 0xbc, 0x80, 0x93, 0xef, 0xbc, 0x2c, 0x20, 0x8c, 0x3d, 0xb8, 0x46, 0x3f, 0x3d, 
0x40, 0x68, 0x4d, 0xbd, 0xaa, 0x6e, 0x99, 0x3d, 0x0b, 0xeb, 0x24, 0x3d, 0xab, 0x12, 0x3a, 0x3d, 0x8e, 0xf0, 0x55, 0xbd, 0x60, 0xdb, 0xc3, 0x3c, 0x3b, 0x51, 0xef, 0xbc, 0xfe, 0x59, 0x85, 0x3d, 
0xcb, 0xad, 0x75, 0xbc, 0xa6, 0xe2, 0x04, 0x3d, 0x56, 0x83, 0x72, 0x3c, 0xfb, 0x39, 0x11, 0x3d, 0x2b, 0xfd, 0xe7, 0xbc, 0xa3, 0x6c, 0x26, 0x3d, 0x53, 0x69, 0x6e, 0xbd, 0x06, 0x2f, 0x9a, 0x3c, 
0x80, 0xf1, 0x66, 0xbd, 0x7c, 0x5e, 0xa8, 0xbd, 0x0b, 0x0e, 0x89, 0xbd, 0x7a, 0xbc, 0x86, 0x3d, 0x6b, 0xac, 0x38, 0x3d, 0x46, 0x1f, 0xa0, 0x3d, 0x86, 0xb9, 0x88, 0x3d, 0xc0, 0x69, 0x98, 0xbd, 
0xbe, 0xef, 0x68, 0xbd, 0x36, 0x9d, 0x5c, 0xbc, 0x43, 0xac, 0x5d, 0xbd, 0x4b, 0x05, 0x6d, 0x3d, 0x7c, 0x06, 0x81, 0xbd, 0x7b, 0x89, 0x26, 0xbd, 0x2e, 0xe1, 0xa4, 0xbd, 0x5e, 0xca, 0x41, 0xbd, 
0x97, 0x5e, 0x8c, 0x3d, 0x2c, 0xbc, 0x8b, 0x3d, 0xdb, 0x56, 0x74, 0x3d, 0xc2, 0xc6, 0x83, 0x3d, 0x27, 0xc1, 0x97, 0x3d, 0x40, 0xce, 0xae, 0xbc, 0xf8, 0x2f, 0x16, 0x3d, 0x58, 0x0d, 0x98, 0x3d, 
0xc6, 0xd6, 0xe1, 0x3c, 0x87, 0x9c, 0xaa, 0x3d, 0x76, 0x09, 0x31, 0x3d, 0x76, 0x30, 0x54, 0x3d, 0x90, 0xed, 0xee, 0xbc, 0xf8, 0xc7, 0x23, 0x3d, 0xc0, 0xe2, 0x1c, 0x3c, 0x5b, 0x08, 0xa3, 0xbc, 
0xb8, 0x69, 0x40, 0xbd, 0x1e, 0x87, 0x3f, 0xbd, 0x22, 0x53, 0x83, 0xbd, 0xbe, 0x25, 0x65, 0x3d, 0x1e, 0xaa, 0x72, 0x3d, 0x6b, 0x64, 0x1b, 0xbc, 0x5b, 0x86, 0x45, 0xbd, 0xc2, 0xe8, 0x83, 0x3d, 
0x66, 0x47, 0x5a, 0x3d, 0x40, 0xfb, 0xca, 0x3b, 0xd0, 0x27, 0x21, 0xbd, 0xd0, 0xd9, 0x9c, 0x3d, 0xc8, 0x95, 0x0b, 0x3d, 0x92, 0x8f, 0x81, 0xbd, 0x97, 0x57, 0xa3, 0x3d, 0x8c, 0x99, 0x81, 0x3d, 
0x66, 0xd3, 0xf8, 0xbc, 0xd0, 0xe1, 0x3f, 0x3d, 0x1e, 0xf1, 0x41, 0xbd, 0xa0, 0xf7, 0x55, 0xbc, 0xcc, 0xe9, 0x90, 0x3d, 0x56, 0xa8, 0x61, 0x3b, 0xab, 0x65, 0x71, 0xbd, 0x70, 0x2b, 0xe4, 0xbc, 
0x7b, 0x4e, 0xb9, 0xbc, 0xc0, 0xb4, 0x83, 0xbc, 0xcb, 0xa9, 0x02, 0x3c, 0x6c, 0xd6, 0x9d, 0x3d, 0x6b, 0x33, 0x92, 0x3b, 0xbb, 0xc0, 0x52, 0xbd, 0x56, 0xf5, 0x8b, 0x3b, 0x3b, 0xaa, 0x23, 0x3d, 
0xa8, 0x50, 0x29, 0x3d, 0x96, 0xfa, 0x9b, 0xbd, 0xeb, 0x50, 0x74, 0xbc, 0xf6, 0xa8, 0x7d, 0xbd, 0x5b, 0xa4, 0x11, 0xbd, 0xd6, 0xf5, 0xf5, 0x3c, 0x20, 0x64, 0x72, 0xbd, 0xfb, 0xc3, 0xfd, 0x3c, 
0xaf, 0xdb, 0x90, 0x3d, 0x96, 0x19, 0xb3, 0x3b, 0x96, 0x7e, 0x63, 0xbd, 0xd6, 0x96, 0xf4, 0xbc, 0xe6, 0x11, 0x95, 0x3c, 0x2f, 0x1a, 0x82, 0xbd, 0xf3, 0x93, 0x29, 0x3d, 0x6e, 0xf1, 0x9a, 0xbd, 
0x8c, 0x0f, 0xa4, 0xbd, 0x80, 0xd4, 0xa5, 0xbd, 0xf0, 0x7c, 0x8a, 0xbc, 0x16, 0x86, 0x65, 0x3d, 0x4c, 0x88, 0xa1, 0xbd, 0x1f, 0xdb, 0x8d, 0x3d, 0x88, 0x8a, 0x08, 0xbd, 0x36, 0xf1, 0xc7, 0x3c, 
0x80, 0x0d, 0x79, 0x3b, 0xb6, 0xe4, 0x99, 0xbd, 0xf0, 0x89, 0x8d, 0x3d, 0xe8, 0xc9, 0x37, 0x3d, 0x56, 0xa4, 0xa9, 0x3d, 0x1e, 0x72, 0x2c, 0x3d, 0xb6, 0x4d, 0x61, 0xbd, 0x86, 0x6f, 0x8e, 0x3d, 
0x16, 0xc2, 0x92, 0x3b, 0xab, 0xdd, 0x21, 0x3d, 0x73, 0xd8, 0x88, 0xbd, 0x60, 0x5a, 0xc4, 0xbc, 0xe3, 0x92, 0xa7, 0xbd, 0x60, 0xf2, 0x04, 0xbd, 0xc0, 0x45, 0x93, 0x3c, 0x3e, 0x00, 0x86, 0xbd, 
0x16, 0x9c, 0xd9, 0x3c, 0xe6, 0x3a, 0x37, 0x3d, 0x20, 0x34, 0x3e, 0x3c, 0x66, 0x61, 0x64, 0xbd, 0x3c, 0x52, 0x84, 0xbd, 0x30, 0x9d, 0xd2, 0xbc, 0xc0, 0xd4, 0x15, 0x3d, 0x52, 0x58, 0xa8, 0x3d, 
0xce, 0x46, 0x44, 0x3d, 0xcb, 0xbf, 0x19, 0xbc, 0xab, 0x5a, 0xef, 0x3c, 0x4b, 0x6f, 0xa7, 0xbd, 0x42, 0xc4, 0x91, 0xbd, 0xd3, 0x44, 0x1f, 0x3d, 0x1e, 0x56, 0x41, 0xbd, 0xc8, 0x36, 0x24, 0x3d, 
0x4b, 0xf5, 0x70, 0xbd, 0xee, 0x10, 0x29, 0xbd, 0x86, 0x93, 0x8c, 0xbd, 0x23, 0x1f, 0x32, 0x3d, 0xeb, 0x1e, 0x0b, 0xbc, 0x63, 0x58, 0x83, 0x3d, 0xe0, 0x3d, 0x53, 0x3d, 0xd0, 0xdf, 0x3c, 0x3d, 
0x80, 0x9d, 0x2f, 0x3b, 0xc6, 0x10, 0xd3, 0xbc, 0xf0, 0x6e, 0x94, 0xbc, 0x20, 0x74, 0x35, 0x3c, 0xc3, 0x33, 0x29, 0x3d, 0x7b, 0x22, 0x6f, 0xbd, 0x9c, 0x3c, 0x8f, 0x3d, 0xeb, 0x73, 0x14, 0xbc, 
0x67, 0x02, 0x8f, 0xbd, 0x5b, 0xae, 0x38, 0xbd, 0x47, 0x02, 0x97, 0x3d, 0x4e, 0x14, 0x9c, 0x3d, 0xc7, 0x15, 0x9e, 0xbd, 0xe8, 0xbd, 0x70, 0x3d, 0xf6, 0x0f, 0x2b, 0x3d, 0xa0, 0x0a, 0x4a, 0x3d, 
0x6e, 0x79, 0x90, 0x3d, 0x33, 0xf6, 0x37, 0xbd, 0xd0, 0x91, 0xd7, 0x3c, 0x58, 0xaf, 0x0b, 0x3d, 0x36, 0xb9, 0xc9, 0xbc, 0xe0, 0x74, 0xe4, 0x3c, 0x90, 0x69, 0xc4, 0xbc, 0x80, 0x08, 0x53, 0x3d, 
0xb6, 0x68, 0xbd, 0xbc, 0xc6, 0x7e, 0xfe, 0xbc, 0x56, 0xdc, 0xab, 0x3c, 0x36, 0x23, 0xf2, 0x3c, 0x0b, 0xc4, 0x26, 0xbd, 0xeb, 0x62, 0xf1, 0x3b, 0x9b, 0xd0, 0x45, 0x3d, 0xa0, 0xd8, 0x07, 0xbc, 
0x36, 0xc2, 0xcf, 0x3c, 0x7b, 0xa6, 0xa4, 0xbc, 0x40, 0x46, 0xef, 0x3c, 0x88, 0x42, 0x77, 0xbd, 0xbe, 0xb6, 0x48, 0xbd, 0xf0, 0x41, 0x2d, 0xbd, 0x33, 0xd8, 0x9c, 0x3d, 0xdb, 0xb1, 0xb7, 0xbc, 
0x56, 0x95, 0x6e, 0xb9, 0xde, 0x5f, 0x25, 0xbd, 0xf6, 0x5f, 0xaa, 0x3d, 0x5f, 0xaf, 0xa6, 0x3d, 0xeb, 0xb6, 0x80, 0xbd, 0xb6, 0x5a, 0x8a, 0xbd, 0x38, 0x5d, 0x81, 0xbd, 0x56, 0xb5, 0xd2, 0xb9, 
0xb0, 0x03, 0xae, 0xbc, 0x13, 0x6b, 0x5f, 0xbd, 0x80, 0xda, 0xf4, 0xbc, 0x10, 0xfa, 0x80, 0x3c, 0xf0, 0x57, 0x32, 0xbd, 0x5b, 0x44, 0x97, 0x3c, 0xdb, 0x8b, 0x9c, 0xbc, 0xcb, 0x65, 0x25, 0xbd, 
0xb6, 0x93, 0x3b, 0x3c, 0x03, 0x55, 0x8c, 0x3d, 0xb6, 0xc4, 0x66, 0xbd, 0x00, 0x98, 0x7d, 0x3b, 0xd6, 0xbe, 0xfb, 0xbc, 0xee, 0x79, 0xa7, 0x3d, 0x1a, 0xec, 0xa1, 0xbd, 0x8c, 0x9c, 0xa3, 0xbd, 
0x20, 0x2c, 0xa8, 0x3d, 0x4b, 0xf5, 0x57, 0xbd, 0x16, 0xe2, 0x82, 0x3c, 0x56, 0xac, 0xeb, 0xbb, 0xfb, 0xce, 0x8f, 0xbc, 0xdb, 0x78, 0x98, 0xbc, 0xa6, 0xe5, 0x58, 0x3d, 0x80, 0x84, 0x82, 0x3b, 
0xdf, 0x29, 0xa6, 0xbd, 0x76, 0x82, 0x49, 0xbd, 0xa6, 0xb8, 0xe8, 0xbc, 0xb8, 0xc3, 0x2b, 0x3d, 0x68, 0xe3, 0x5c, 0xbd, 0xca, 0xec, 0xa0, 0x3d, 0xc6, 0x0c, 0x98, 0xbc, 0x76, 0x29, 0x75, 0xbc, 
0x2c, 0xba, 0x85, 0x3d, 0x88, 0x8e, 0x2b, 0x3d, 0xf2, 0xbe, 0x90, 0x3d, 0x3e, 0x71, 0x45, 0x3d, 0xf0, 0x16, 0xcf, 0xbc, 0x1b, 0x77, 0x62, 0xbd, 0x80, 0x2b, 0xcb, 0xbb, 0x0a, 0x40, 0x8d, 0x3d, 
0xd0, 0x1d, 0xe5, 0xbc, 0x6a, 0x45, 0x9e, 0xbd, 0x18, 0xec, 0x0b, 0x3d, 0x9e, 0x23, 0xa6, 0x3d, 0x00, 0x58, 0xc2, 0xbc, 0xe7, 0x50, 0x8d, 0xbd, 0x0b, 0xce, 0x9a, 0xbd, 0x6b, 0x13, 0xab, 0x3c, 
0xeb, 0xc3, 0xce, 0xbb, 0x76, 0x5e, 0x2c, 0xbd, 0x1b, 0xfd, 0x89, 0x3c, 0xd6, 0x9f, 0x01, 0x3d, 0x04, 0xbc, 0x87, 0x3d, 0xa8, 0x80, 0x84, 0x3d, 0x40, 0x5e, 0x4c, 0xbc, 0xff, 0x7c, 0x96, 0xbd, 
0xe6, 0x37, 0x9a, 0xbd, 0x86, 0x59, 0x9f, 0x3d, 0x60, 0xe3, 0x16, 0x3d, 0x2b, 0xca, 0x14, 0x3d, 0x16, 0xaa, 0x93, 0xbd, 0x3f, 0x0a, 0x9e, 0x3d, 0x0e, 0xae, 0xa1, 0x3d, 0x92, 0x16, 0x9a, 0x3d, 
0xcb, 0xf8, 0x8f, 0xbd, 0x06, 0xcb, 0x00, 0xbd, 0xb8, 0xc1, 0x6a, 0xbd, 0x8f, 0x9d, 0xa1, 0x3d, 0x03, 0xaa, 0x12, 0xbd, 0x58, 0xd6, 0x1b, 0xbd, 0x36, 0xd4, 0x32, 0x3d, 0xf0, 0xe5, 0x1d, 0xbd, 
0x3e, 0x1d, 0x28, 0xbd, 0x00, 0xdb, 0xee, 0xbb, 0x36, 0x3c, 0x03, 0xbc, 0x17, 0xf2, 0x84, 0xbd, 0x84, 0x47, 0x8e, 0x3d, 0xce, 0x91, 0x16, 0xbd, 0xeb, 0x26, 0xf2, 0x3c, 0x6e, 0x71, 0x94, 0x3d, 
0xd8, 0x23, 0x2c, 0x3d, 0xc0, 0x4d, 0x41, 0x3c, 0x83, 0x36, 0x91, 0x3d, 0x60, 0x89, 0x37, 0x3c, 0x8e, 0xeb, 0x1d, 0xbd, 0x5a, 0x73, 0xa1, 0x3d, 0xeb, 0x92, 0xa1, 0x3c, 0x26, 0x84, 0xa6, 0xbd, 
0x76, 0x59, 0xc2, 0xbc, 0x53, 0x81, 0x68, 0xbd, 0xec, 0xa1, 0x95, 0x3d, 0xab, 0x7a, 0x61, 0xbc, 0x22, 0x91, 0x9b, 0xbd, 0xab, 0xa8, 0xab, 0xbb, 0x9b, 0x5c, 0x56, 0x3d, 0x6b, 0x5b, 0xb1, 0x3c, 
0xbb, 0xdc, 0xd7, 0x3c, 0x16, 0x9b, 0xfd, 0x3b, 0xcb, 0x82, 0xfe, 0x3c, 0x46, 0x55, 0xa6, 0xbc, 0x50, 0xc8, 0x07, 0xbd, 0x0a, 0x86, 0x9f, 0xbd, 0xcb, 0x91, 0x80, 0xbd, 0x4b, 0xef, 0x13, 0x3d, 
0xa8, 0x1b, 0x4a, 0xbd, 0x2b, 0xe1, 0x43, 0x3c, 0xc0, 0xe6, 0xd9, 0x3c, 0x80, 0x57, 0xc1, 0x3b, 0xab, 0x4d, 0x5d, 0xbd, 0xa0, 0x36, 0xa3, 0x3d, 0x33, 0x7c, 0x46, 0xbd, 0x9a, 0x5f, 0x8c, 0x3d, 
0x4a, 0xc4, 0x87, 0xbd, 0xe6, 0x36, 0xa4, 0xbc, 0xb8, 0xac, 0x39, 0x3d, 0x53, 0x76, 0x0b, 0xbd, 0x0a, 0x5e, 0x8f, 0x3d, 0x08, 0xe4, 0x6a, 0xbd, 0x2e, 0x52, 0x8f, 0xbd, 0xeb, 0xe9, 0x19, 0xbd, 
0xeb, 0xb4, 0x5c, 0x3c, 0x70, 0x24, 0x9d, 0x3d, 0xee, 0xf3, 0x22, 0xbd, 0x10, 0x24, 0xf4, 0x3c, 0x3b, 0x26, 0xab, 0xbc, 0x70, 0x0b, 0x94, 0xbc, 0xcb, 0xfb, 0x7a, 0x3d, 0xa7, 0x43, 0x84, 0xbd, 
0x40, 0x04, 0x11, 0x3c, 0x1b, 0x7f, 0xa0, 0x3d, 0x0b, 0x9d, 0x3b, 0xbc, 0x1a, 0x83, 0x84, 0x3d, 0x5b, 0x3b, 0xd2, 0xbc, 0x56, 0x61, 0x89, 0x3d, 0x4f, 0x17, 0xa5, 0xbd, 0xe0, 0xc6, 0x44, 0xbc, 
0xe0, 0xd0, 0x6f, 0xbc, 0xf6, 0x3d, 0xdd, 0x3c, 0x18, 0xea, 0x05, 0x3d, 0x6f, 0x0a, 0x83, 0x3d, 0x60, 0x6a, 0x4b, 0xbc, 0xd6, 0x91, 0x58, 0xbb, 0xb8, 0xbf, 0x69, 0x3d, 0x16, 0xb6, 0xb8, 0xbc, 
0xb6, 0x9c, 0x95, 0x3d, 0x8e, 0x43, 0x63, 0xbd, 0x16, 0xbe, 0x13, 0xbc, 0xab, 0xaa, 0x92, 0xbb, 0x6b, 0x4e, 0x18, 0x3d, 0x88, 0x5c, 0x69, 0x3d, 0x16, 0x69, 0x58, 0xbc, 0xdf, 0x64, 0x8d, 0xbd, 
0xc6, 0x20, 0x29, 0x3d, 0x10, 0x35, 0xcc, 0x3c, 0x06, 0x1d, 0x09, 0x3d, 0xb8, 0x8e, 0x52, 0xbd, 0x3e, 0xae, 0x5b, 0x3d, 0xd6, 0xa5, 0xa1, 0x3d, 0x96, 0xf1, 0xec, 0x3b, 0x33, 0x69, 0x9f, 0xbd, 
0xd0, 0x9c, 0x6f, 0x3d, 0x00, 0x15, 0x7d, 0xbd, 0x10, 0xed, 0x9c, 0x3c, 0x40, 0x68, 0x46, 0x3c, 0xa8, 0xc1, 0x1f, 0xbd, 0x96, 0xb3, 0xed, 0x3c, 0x5c, 0xa6, 0x98, 0xbd, 0xdb, 0x7b, 0x9b, 0x3c, 
0x7b, 0x63, 0x58, 0xbd, 0x76, 0xa3, 0x13, 0xbc, 0x0b, 0x9f, 0x2f, 0x3c, 0x06, 0x66, 0x91, 0x3d, 0x68, 0xdb, 0x22, 0xbd, 0xa3, 0xab, 0x5a, 0x3d, 0x8b, 0x71, 0x2d, 0xbc, 0xd3, 0x1b, 0x22, 0xbd, 
0xd2, 0x9d, 0x94, 0xbd, 0xfe, 0x96, 0x9c, 0xbd, 0xc6, 0xac, 0xa6, 0x3d, 0xbb, 0x41, 0xaa, 0xbc, 0xc0, 0x64, 0x88, 0x3b, 0x50, 0x14, 0xb9, 0x3c, 0xe8, 0x03, 0x68, 0x3d, 0xdb, 0xa8, 0x91, 0x3d, 
0xe2, 0x69, 0x8a, 0x3d, 0x5b, 0xe3, 0x7c, 0xbd, 0xd6, 0xbf, 0x5a, 0xbc, 0xd3, 0xfa, 0x49, 0xbd, 0x7b, 0x05, 0x43, 0xbd, 0xf0, 0xee, 0xa1, 0x3c, 0x28, 0x32, 0xa0, 0x3d, 0xc4, 0xb8, 0x88, 0xbd, 
0x93, 0x93, 0x4e, 0x3d, 0x50, 0xf8, 0x30, 0xbd, 0x46, 0xf7, 0x84, 0xbc, 0x62, 0x78, 0x87, 0x3d, 0x20, 0x66, 0x9a, 0xbc, 0x96, 0xa4, 0xf8, 0x3b, 0x66, 0x9a, 0x6e, 0xbd, 0x48, 0x47, 0x91, 0x3d, 
0x16, 0x7f, 0x30, 0xbc, 0xe0, 0xa5, 0x79, 0xbd, 0x50, 0xe4, 0xc7, 0x3c, 0xa6, 0xb1, 0x72, 0xbd, 0xde, 0x6c, 0x87, 0xbd, 0x96, 0x59, 0xa6, 0x3b, 0xde, 0x4f, 0x87, 0x3d, 0x0b, 0x2f, 0xc1, 0xbc, 
0x80, 0xa7, 0x20, 0x3d, 0x52, 0xa8, 0x92, 0x3d, 0xa0, 0x64, 0x62, 0x3d, 0xd8, 0x0c, 0x33, 0xbd, 0xeb, 0xaa, 0x15, 0xbc, 0x2b, 0xd3, 0xd6, 0xbc, 0xab, 0x3c, 0x89, 0xbd, 0xab, 0x6a, 0x10, 0x38, 
0x64, 0x6a, 0x80, 0x3d, 0x12, 0xca, 0x8f, 0x3d, 0xeb, 0xc5, 0xfe, 0x3b, 0xa0, 0x0c, 0x9b, 0x3c, 0x46, 0xc5, 0x13, 0xbd, 0x92, 0xd3, 0x80, 0x3d, 0x1e, 0x08, 0x0e, 0xbd, 0xb0, 0x1b, 0x6d, 0xbd, 
0xa0, 0x40, 0x52, 0x3c, 0x18, 0x97, 0x4c, 0x3d, 0x23, 0xdf, 0x99, 0xbd, 0xf2, 0x46, 0x9a, 0x3d, 0x90, 0x93, 0xf5, 0x3c, 0x7b, 0x24, 0x6f, 0xbd, 0x30, 0x0d, 0x93, 0xbc, 0x26, 0x11, 0x94, 0x3d, 
0xff, 0xf0, 0x82, 0xbd, 0x26, 0x87, 0xc7, 0xbc, 0xb6, 0xe6, 0xdf, 0x3c, 0xbe, 0x84, 0x95, 0xbd, 0x4b, 0x1e, 0x3b, 0x3d, 0x26, 0xae, 0x31, 0x3d, 0x63, 0xb2, 0x53, 0x3d, 0xb8, 0x9d, 0x59, 0xbd, 
0xf3, 0xfb, 0xa9, 0x3d, 0x4b, 0x54, 0x4a, 0xbd, 0x2a, 0x62, 0xaa, 0x3d, 0x84, 0xc9, 0xa3, 0xbd, 0x13, 0x0f, 0x98, 0xbd, 0x4b, 0xa5, 0x51, 0x3d, 0xeb, 0xb1, 0x0e, 0x3c, 0xc0, 0x87, 0x9d, 0x3b, 
0x26, 0x04, 0x3d, 0xbd, 0x53, 0x2e, 0x0f, 0xbd, 0x6b, 0x9a, 0xc7, 0xbc, 0x80, 0x41, 0xa6, 0xbd, 0xc0, 0xe8, 0x8d, 0x3b, 0xab, 0x78, 0x71, 0x3c, 0x56, 0xf5, 0x93, 0xb8, 0x2b, 0x74, 0xdc, 0x3c, 
0xef, 0xef, 0xa1, 0x3d, 0x9b, 0x82, 0xb5, 0x3c, 0xcb, 0xe7, 0xf9, 0xbc, 0x80, 0x79, 0x0c, 0xbd, 0x10, 0x63, 0x5a, 0xbd, 0x63, 0x9e, 0x6c, 0xbd, 0x00, 0xe3, 0x5b, 0xbc, 0x00, 0x7b, 0x71, 0xbc, 
0xae, 0xd8, 0x17, 0x3d, 0x00, 0xe6, 0x11, 0xbd, 0x5c, 0x0e, 0x88, 0x3d, 0xc0, 0x81, 0x6f, 0xbd, 0xab, 0x5a, 0x78, 0x39, 0x6a, 0x6a, 0x99, 0x3d, 0x5a, 0xb5, 0xa9, 0x3d, 0xb6, 0xb8, 0x45, 0xbd, 
0x96, 0x34, 0x73, 0x3c, 0xe0, 0x46, 0x21, 0x3c, 0xe3, 0x08, 0x20, 0xbd, 0x9b, 0xdb, 0xeb, 0xbc, 0x2b, 0xe7, 0xb8, 0x3c, 0xf0, 0x59, 0x6d, 0xbd, 0x2b, 0x46, 0x61, 0x3c, 0x10, 0xb4, 0x13, 0x3d, 
0x60, 0x82, 0x06, 0xbd, 0x44, 0xc3, 0x8d, 0x3d, 0xd6, 0xb4, 0xb3, 0xbb, 0x06, 0xde, 0x1a, 0x3d, 0x26, 0x03, 0xa9, 0x3d, 0x6b, 0xab, 0xd0, 0xbc, 0xbb, 0x7b, 0x39, 0x3d, 0x3b, 0x43, 0xc3, 0xbc, 
0x36, 0x70, 0x47, 0xbc, 0x76, 0x62, 0x67, 0xbc, 0x56, 0xb7, 0x07, 0xba, 0xe8, 0xf1, 0x00, 0xbd, 0x16, 0x02, 0xa0, 0x3c, 0x00, 0xc9, 0x4d, 0x3b, 0x23, 0x5e, 0x58, 0x3d, 0xe6, 0x2c, 0x8a, 0xbc, 
0x76, 0xea, 0x08, 0x3c, 0x06, 0xf2, 0xfd, 0xbc, 0xea, 0xec, 0x8e, 0xbd, 0x5e, 0x20, 0x0a, 0x3d, 0x8b, 0xb4, 0x2e, 0x3c, 0xce, 0xb2, 0x08, 0xbd, 0x20, 0xd0, 0xe6, 0xbc, 0x2b, 0x88, 0xb2, 0x3c, 
0x16, 0xe0, 0x76, 0xbc, 0x98, 0x0d, 0x5f, 0x3d, 0x6b, 0xac, 0x9a, 0x3b, 0x23, 0xef, 0x00, 0x3d, 0xb8, 0xb7, 0x14, 0x3d, 0xe0, 0x80, 0xa7, 0xbc, 0xd6, 0xae, 0x13, 0x3d, 0x98, 0xe1, 0x7b, 0x3d, 
0x56, 0x52, 0x7b, 0x3b, 0xd0, 0x97, 0x85, 0x3c, 0xd6, 0x70, 0x46, 0x3b, 0xfe, 0x53, 0x6c, 0x3d, 0xfe, 0x1b, 0x10, 0xbd, 0x48, 0x71, 0x35, 0xbd, 0xbb, 0xbc, 0x14, 0x3d, 0x9b, 0x88, 0x94, 0xbd, 
0x00, 0x1e, 0xaf, 0x3a, 0xe6, 0xf9, 0x1c, 0xbd, 0x9e, 0x4a, 0x61, 0x3d, 0xb8, 0xe5, 0x9e, 0xbd, 0x26, 0xf6, 0x4e, 0x3d, 0xa8, 0xd9, 0xa8, 0x3d, 0x80, 0x21, 0x8a, 0x3c, 0x6b, 0xef, 0xb5, 0xbb, 
0xe7, 0xfe, 0xa7, 0x3d, 0x9e, 0xde, 0x11, 0xbd, 0x6b, 0xd1, 0xda, 0xbb, 0xb8, 0x78, 0x15, 0xbd, 0xeb, 0x78, 0x3c, 0xbc, 0xbb, 0x5e, 0x94, 0x3c, 0x16, 0x5b, 0x36, 0x3c, 0x4b, 0xf0, 0x80, 0xbc, 
0xb4, 0xa3, 0xaa, 0xbd, 0x40, 0xd2, 0x8b, 0x3b, 0x80, 0xc6, 0x21, 0xbb, 0x76, 0x65, 0x4d, 0x3c, 0xfc, 0xc5, 0x82, 0x3d, 0xbe, 0xe3, 0xa5, 0x3d, 0xd0, 0x81, 0x4a, 0xbd, 0xeb, 0x44, 0xaa, 0xbb, 
0x66, 0xc3, 0x08, 0xbd, 0x50, 0x4b, 0x9d, 0xbd, 0xd3, 0x5f, 0x78, 0xbd, 0x5c, 0x2e, 0xa0, 0x3d, 0xa8, 0x04, 0x47, 0x3d, 0xfb, 0x58, 0x37, 0x3d, 0x96, 0xb1, 0x3d, 0x3d, 0x52, 0x97, 0x87, 0xbd, 
0xe0, 0x62, 0x0f, 0x3c, 0x8b, 0xd7, 0x9e, 0x3d, 0x4b, 0x7e, 0x3e, 0xbd, 0xf8, 0xd2, 0x97, 0x3d, 0x5b, 0x6e, 0xb3, 0x3c, 0x93, 0x24, 0x70, 0x3d, 0x16, 0x39, 0x12, 0xbd, 0x58, 0x5c, 0x1d, 0x3d, 
0x3e, 0x4b, 0x97, 0xbd, 0x96, 0x62, 0xad, 0xbb, 0x4b, 0xb4, 0xe3, 0x3c, 0x5b, 0xba, 0xcc, 0x3c, 0xb4, 0xd0, 0x8e, 0x3d, 0xf2, 0xb4, 0xa7, 0x3d, 0xe4, 0x43, 0x9b, 0x3d, 0x26, 0x2b, 0x65, 0x3d, 
0x80, 0xfa, 0x6f, 0x3d, 0x2b, 0x2b, 0x30, 0xbc, 0x02, 0x72, 0x84, 0xbd, 0xa6, 0x6c, 0xfd, 0xbc, 0x4b, 0x47, 0x19, 0xbc, 0xb3, 0x73, 0x38, 0xbd, 0xcb, 0x7a, 0x2e, 0x3d, 0x76, 0xa2, 0xef, 0x3c, 
0x96, 0x4c, 0x5c, 0x3c, 0xcb, 0xe7, 0xa4, 0x3c, 0x2b, 0xec, 0x95, 0x3d, 0x0b, 0xa6, 0xf8, 0x3c, 0x12, 0xaa, 0x95, 0xbd, 0x6e, 0xc4, 0x77, 0xbd, 0x4b, 0x71, 0x16, 0x3d, 0x0b, 0x11, 0x3a, 0x3c, 
0x26, 0x77, 0x26, 0x3d, 0xbe, 0x72, 0xaa, 0xbd, 0xc7, 0x80, 0x9d, 0xbd, 0x8b, 0x50, 0x51, 0x3d, 0x18, 0x55, 0x5a, 0x3d, 0x6e, 0x67, 0x9a, 0xbd, 0xab, 0x90, 0x01, 0x3d, 0x9b, 0x43, 0x85, 0xbd, 
0x48, 0x3f, 0x81, 0x3d, 0xdb, 0x36, 0xd6, 0x3c, 0xc3, 0xc0, 0xa8, 0x3d, 0xa6, 0x46, 0xa8, 0xbd, 0xf7, 0x4b, 0xa4, 0xbd, 0xb3, 0xc6, 0x66, 0x3d, 0x96, 0x85, 0x97, 0x3d, 0xcb, 0x20, 0x51, 0x3d, 
0xb8, 0xed, 0x62, 0x3d, 0x66, 0xbf, 0x8f, 0xbd, 0xce, 0x0f, 0x77, 0x3d, 0x6b, 0x22, 0xa1, 0xbd, 0x46, 0x82, 0x98, 0x3c, 0xd0, 0x95, 0x5f, 0xbd, 0x78, 0x93, 0x07, 0xbd, 0x0b, 0xc2, 0x71, 0x3c, 
0x98, 0x34, 0x06, 0xbd, 0xeb, 0x06, 0x58, 0xbc, 0x14, 0xc3, 0xa1, 0xbd, 0xc3, 0xea, 0xa0, 0xbd, 0x4e, 0x38, 0x04, 0x3d, 0xa3, 0x7a, 0x10, 0xbd, 0xe6, 0xa9, 0x4f, 0xbd, 0x20, 0xaf, 0x06, 0xbd, 
0x1e, 0x88, 0x8b, 0xbd, 0x54, 0x6e, 0x88, 0xbd, 0x93, 0x3e, 0x4c, 0x3d, 0xe0, 0x7a, 0x2d, 0x3d, 0x00, 0xde, 0x35, 0x3c, 0xe6, 0x74, 0x3a, 0xbd, 0xb6, 0x1f, 0xe3, 0x3c, 0x00, 0x5a, 0x75, 0x3b, 
0x10, 0xf1, 0x73, 0xbd, 0x26, 0xe7, 0x92, 0x3c, 0x46, 0x66, 0x9b, 0x3d, 0x6b, 0xde, 0xa7, 0xbd, 0xa8, 0xb5, 0xa9, 0xbd, 0xeb, 0xee, 0x2e, 0x3c, 0x0c, 0x84, 0x80, 0x3d, 0xa6, 0xb2, 0x4f, 0xbd, 
0xc0, 0x47, 0x96, 0x3c, 0xcb, 0xf3, 0x6f, 0x3d, 0x30, 0x7a, 0xd2, 0x3c, 0x86, 0xbc, 0x93, 0x3c, 0x50, 0x47, 0xaa, 0x3d, 0x8e, 0x5e, 0x5e, 0x3d, 0xa0, 0xf9, 0x3f, 0xbd, 0x80, 0x07, 0xec, 0x3b, 
0xb6, 0x60, 0x2e, 0x3d, 0x37, 0x83, 0x96, 0x3d, 0x48, 0xcd, 0xa9, 0xbd, 0x76, 0xd5, 0x38, 0x3d, 0x2b, 0x33, 0xc6, 0xbc, 0xd4, 0x1e, 0xa7, 0xbd, 0xc6, 0x88, 0x97, 0x3c, 0x98, 0xd3, 0x39, 0xbd, 
0x00, 0x7c, 0x41, 0x3c, 0x10, 0x9c, 0x5d, 0xbd, 0x7f, 0x6e, 0x80, 0xbd, 0x2b, 0xb3, 0xe7, 0xbb, 0x46, 0x53, 0xe5, 0xbc, 0x43, 0xa2, 0x47, 0x3d, 0xd6, 0x6e, 0xeb, 0x3b, 0x20, 0x37, 0x85, 0x3d, 
0x16, 0xde, 0x7f, 0x3c, 0xeb, 0x84, 0xdb, 0xbc, 0x50, 0x32, 0x67, 0x3d, 0xab, 0x37, 0x95, 0x3b, 0x80, 0x21, 0x80, 0x3c, 0xa0, 0x8f, 0xdb, 0xbc, 0x00, 0xcc, 0x9c, 0x39, 0x2b, 0x42, 0x83, 0xbc, 
0x6b, 0x27, 0xe8, 0xbb, 0x73, 0x19, 0x85, 0xbd, 0xab, 0x58, 0x06, 0xba, 0x30, 0xa9, 0x8d, 0xbd, 0xd6, 0xdc, 0x92, 0xbc, 0x86, 0xd1, 0x45, 0x3d, 0xa3, 0x58, 0x6d, 0xbd, 0x8b, 0x13, 0x66, 0xbd, 
0xf0, 0xb0, 0xa6, 0xbc, 0x66, 0x24, 0xbb, 0xbc, 0x40, 0x22, 0x67, 0x3c, 0xab, 0xaa, 0x62, 0x3c, 0xc6, 0x16, 0x2d, 0x3d, 0x4e, 0x23, 0x6b, 0xbd, 0xd6, 0xb4, 0xc0, 0xbb, 0x9e, 0xe7, 0x3e, 0x3d, 
0x2f, 0x9f, 0x93, 0x3d, 0x96, 0x30, 0xc7, 0xbb, 0x9b, 0x80, 0x45, 0xbd, 0xbb, 0x3d, 0xc4, 0x3c, 0xb0, 0x61, 0x42, 0x3d, 0x7b, 0x3f, 0x55, 0xbd, 0xd0, 0x12, 0x46, 0xbd, 0x66, 0xde, 0x16, 0x3d, 
0xab, 0x53, 0xbf, 0xbb, 0xc7, 0x31, 0xa1, 0xbd, 0xc6, 0xce, 0x44, 0xbd, 0x00, 0x6c, 0x0a, 0x3d, 0x40, 0x8b, 0xe7, 0xbc, 0x23, 0x99, 0x6b, 0x3d, 0x37, 0xeb, 0x86, 0x3d, 0x6b, 0x9d, 0x46, 0x3c, 
0x40, 0xed, 0xd7, 0xbb, 0x6b, 0xb2, 0xd8, 0xbc, 0x16, 0x14, 0x8a, 0xbb, 0xeb, 0x84, 0x78, 0x3c, 0x2a, 0x5d, 0x82, 0xbd, 0x86, 0x27, 0xa3, 0xbc, 0xf0, 0xf5, 0x8d, 0xbd, 0xb8, 0x7e, 0x51, 0x3d, 
0x9b, 0x5f, 0x59, 0xbd, 0x57, 0xe9, 0x9b, 0x3d, 0x76, 0xfa, 0xaf, 0xbc, 0x9b, 0x8a, 0x43, 0xbd, 0xa3, 0xfe, 0x23, 0x3d, 0xeb, 0x8a, 0x4b, 0x3c, 0xbb, 0x5b, 0x6c, 0x3d, 0x10, 0x7f, 0x0e, 0x3d, 
0xf2, 0x68, 0xa4, 0xbd, 0xdb, 0xe3, 0x57, 0x3d, 0x3b, 0x8e, 0x80, 0xbc, 0x06, 0xdc, 0x16, 0xbd, 0xdb, 0xc3, 0x58, 0x3d, 0xdb, 0xf1, 0x78, 0x3d, 0x12, 0x01, 0x96, 0xbd, 0x80, 0xea, 0xf6, 0xbb, 
0x10, 0x27, 0x8c, 0x3d, 0xa3, 0x31, 0x04, 0x3d, 0x0c, 0xc8, 0x8f, 0x3d, 0xf0, 0xf2, 0xe9, 0xbc, 0x40, 0x4b, 0x3c, 0xbd, 0x07, 0xc2, 0x92, 0x3d, 0x8b, 0x46, 0x0e, 0x3d, 0x47, 0xd6, 0xa3, 0x3d, 
0xe3, 0x92, 0x0e, 0xbd, 0xa8, 0x28, 0x5b, 0xbd, 0xe0, 0x08, 0x20, 0xbc, 0x42, 0xb2, 0xa0, 0xbd, 0x50, 0xcb, 0x05, 0x3d, 0x76, 0xc3, 0x7b, 0x3d, 0xfb, 0xe0, 0xa3, 0x3c, 0x80, 0xe7, 0x06, 0xbc, 
0x38, 0x3c, 0x29, 0x3d, 0x6b, 0xa9, 0x58, 0xbd, 0x18, 0xf4, 0xa6, 0x3d, 0x8a, 0xb3, 0xa9, 0xbd, 0x44, 0x7d, 0xa3, 0xbd, 0xb6, 0x50, 0xa1, 0xbc, 0x7b, 0x68, 0x8b, 0x3d, 0x80, 0xb4, 0x08, 0x3c, 
0x6e, 0x16, 0x03, 0x3d, 0x1e, 0x33, 0x7a, 0xbd, 0x76, 0xf5, 0xf8, 0x3c, 0x2b, 0x91, 0x18, 0xbc, 0x80, 0xd0, 0x08, 0x3d, 0x6b, 0x10, 0x71, 0x3d, 0xf0, 0x5e, 0x14, 0x3d, 0x2b, 0x48, 0xe8, 0xbb, 
0xeb, 0x34, 0xa8, 0xbb, 0xd8, 0x13, 0x56, 0xbd, 0x06, 0xec, 0xf6, 0xbc, 0xb8, 0xcf, 0x5d, 0x3d, 0x9e, 0xdf, 0x08, 0xbd, 0x48, 0xfb, 0x53, 0x3d, 0x7e, 0x59, 0x07, 0xbd, 0x06, 0xfe, 0x9e, 0xbc, 
0x56, 0x75, 0xe8, 0x3a, 0x6b, 0x9d, 0x9c, 0xbd, 0x00, 0x20, 0x5a, 0xba, 0xab, 0x9e, 0x09, 0xbc, 0x2b, 0x50, 0xf5, 0xbb, 0xcb, 0x77, 0x88, 0xbc, 0xbb, 0x8c, 0x86, 0x3d, 0x4e, 0xe6, 0x7b, 0x3d, 
0x56, 0x57, 0x67, 0xbd, 0xf8, 0x8e, 0x1e, 0x3d, 0x33, 0xde, 0x85, 0xbd, 0xcc, 0x4a, 0x91, 0xbd, 0xcb, 0xad, 0xd0, 0x3c, 0x56, 0x86, 0xa0, 0x3a, 0xf3, 0x3b, 0x1f, 0xbd, 0xd0, 0x9b, 0xa4, 0xbd, 
0x78, 0x24, 0x04, 0xbd, 0xa6, 0x02, 0xe4, 0x3c, 0x26, 0xf8, 0x9d, 0xbd, 0xfa, 0xcb, 0xa5, 0xbd, 0x2b, 0x39, 0x2d, 0x3c, 0xe0, 0xe5, 0x75, 0xbd, 0x88, 0x84, 0x95, 0xbd, 0xd3, 0x82, 0x03, 0xbd, 
0xe0, 0xd1, 0x5b, 0xbc, 0xf0, 0x15, 0x9b, 0xbd, 0xf0, 0xea, 0x63, 0xbd, 0x40, 0x0b, 0xb3, 0x3b, 0x10, 0xef, 0xa0, 0xbd, 0x56, 0xe7, 0x3f, 0xbc, 0x5e, 0x66, 0x5c, 0xbd, 0x00, 0xa0, 0x6c, 0xbd, 
0x93, 0x27, 0x06, 0x3d, 0x42, 0x5c, 0x83, 0xbd, 0x48, 0x56, 0x81, 0xbd, 0xf6, 0xa7, 0x42, 0x3d, 0x76, 0x45, 0x7f, 0x3c, 0xa7, 0x6d, 0x9b, 0x3d, 0x46, 0x79, 0xb6, 0xbc, 0x80, 0xde, 0x24, 0xbd, 
0xab, 0xb6, 0xfc, 0xbb, 0x00, 0x0c, 0xdd, 0x39, 0x70, 0x28, 0x82, 0x3d, 0x66, 0xff, 0xa9, 0xbd, 0xeb, 0x6c, 0xc2, 0xbb, 0x53, 0xfd, 0x16, 0x3d, 0x6b, 0xf7, 0x3b, 0xbd, 0x06, 0x72, 0x2d, 0xbd, 
0x96, 0xf4, 0x24, 0x3d, 0xc0, 0x87, 0xa3, 0xbd, 0x06, 0xc3, 0xa1, 0x3c, 0xba, 0x20, 0x84, 0xbd, 0xee, 0xa9, 0x29, 0x3d, 0x4a, 0xed, 0x91, 0xbd, 0x76, 0xda, 0x51, 0x3d, 0x03, 0x8f, 0xa1, 0xbd, 
0xec, 0x74, 0x8f, 0xbd, 0x56, 0xf7, 0xa0, 0x3a, 0xbe, 0x7b, 0x86, 0x3d, 0x7f, 0x28, 0x92, 0xbd, 0x4b, 0x41, 0x18, 0xbd, 0xc0, 0xe4, 0x95, 0x3d, 0x80, 0xf6, 0x64, 0xbc, 0xbe, 0x68, 0x0d, 0x3d, 
0x58, 0x2e, 0xa4, 0xbd, 0x86, 0xaf, 0xd6, 0xbc, 0x0e, 0x57, 0x2d, 0xbd, 0xe8, 0xe1, 0x8f, 0x3d, 0xbe, 0xaa, 0x0d, 0x3d, 0x08, 0x10, 0x79, 0xbd, 0xeb, 0x20, 0x5c, 0x3c, 0x00, 0x14, 0x7b, 0xba, 
0x5b, 0x3e, 0x0c, 0xbd, 0x70, 0xed, 0x42, 0xbd, 0x00, 0x89, 0xe2, 0xbc, 0x24, 0x86, 0x86, 0x3d, 0x83, 0xaf, 0x74, 0xbd, 0x83, 0x25, 0x73, 0xbd, 0xa0, 0x9d, 0xd2, 0xbc, 0xab, 0x03, 0xbe, 0x3a, 
0x7b, 0xd4, 0xb9, 0x3c, 0x56, 0xe2, 0x23, 0x3b, 0xdb, 0x55, 0xa4, 0xbc, 0xb0, 0xf7, 0x4e, 0xbd, 0x40, 0xfc, 0x74, 0xbc, 0xa6, 0x67, 0x09, 0xbd, 0xf3, 0xe2, 0x89, 0x3d, 0xea, 0x20, 0xa6, 0xbd, 
0xf8, 0xb8, 0x59, 0xbd, 0x4c, 0xda, 0x8a, 0xbd, 0x20, 0x86, 0x79, 0xbc, 0xfa, 0xfe, 0x84, 0x3d, 0x96, 0x98, 0x95, 0x3d, 0x24, 0x93, 0x94, 0xbd, 0x56, 0x9f, 0x6c, 0xbb, 0xe3, 0x59, 0x48, 0x3d, 
0x78, 0x75, 0x16, 0x3d, 0x32, 0xcb, 0x8b, 0x3d, 0xd6, 0x7c, 0x17, 0xbb, 0xe3, 0x56, 0x65, 0xbd, 0x6b, 0xcd, 0x61, 0x3d, 0xab, 0x18, 0xea, 0xbc, 0xd8, 0xbc, 0x30, 0x3d, 0xe6, 0x3b, 0xa8, 0xbc, 
0x4b, 0x19, 0x11, 0x3d, 0x86, 0x80, 0x99, 0x3d, 0x02, 0xb2, 0x9e, 0x3d, 0x5a, 0x51, 0x9b, 0xbd, 0x08, 0xc9, 0x61, 0xbd, 0x48, 0x21, 0x0d, 0xbd, 0x2b, 0xab, 0x59, 0xbd, 0x33, 0xc1, 0xa3, 0x3d, 
0x56, 0x2b, 0xf1, 0xbb, 0x96, 0x6b, 0x62, 0xbd, 0xc6, 0xe3, 0x17, 0xbd, 0x5b, 0x8a, 0x3c, 0xbd, 0xa8, 0x42, 0x0b, 0x3d, 0x3c, 0xdd, 0x94, 0xbd, 0x50, 0x21, 0x9f, 0xbd, 0x90, 0x3c, 0xa8, 0xbd, 
0xc6, 0xf3, 0x12, 0x3d, 0x1b, 0xc6, 0x28, 0x3d, 0xb8, 0xfe, 0x53, 0xbd, 0x66, 0x49, 0xa9, 0x3c, 0x90, 0xf7, 0x7b, 0x3d, 0x80, 0x62, 0x46, 0x3c, 0x90, 0x70, 0x90, 0xbc, 0x80, 0xbf, 0xc9, 0x3b, 
0xcb, 0x66, 0x12, 0xbc, 0x6e, 0xdc, 0x2b, 0x3d, 0xeb, 0xc4, 0x67, 0xbd, 0x4b, 0x17, 0x2d, 0x3d, 0x2e, 0x62, 0x40, 0x3d, 0x23, 0xce, 0x4e, 0xbd, 0x36, 0x5c, 0x8b, 0x3d, 0x4f, 0xa0, 0xa7, 0x3d, 
0x3b, 0x90, 0x06, 0xbd, 0x0b, 0x36, 0xbf, 0xbc, 0xf8, 0x1a, 0x2a, 0x3d, 0x2a, 0xb4, 0x85, 0xbd, 0xa6, 0xfb, 0x06, 0x3d, 0xf6, 0x44, 0x9f, 0x3c, 0x0e, 0x27, 0x57, 0x3d, 0x03, 0x3e, 0x94, 0xbd, 
0x8b, 0xc9, 0x8d, 0xbd, 0x80, 0x4d, 0x19, 0x3d, 0x66, 0xe7, 0xf5, 0x3c, 0xcc, 0xd9, 0x9e, 0xbd, 0x08, 0x59, 0x3e, 0xbd, 0x06, 0x28, 0x9c, 0xbd, 0xfe, 0x89, 0x74, 0xbd, 0x6e, 0x02, 0x1a, 0xbd, 
0xb6, 0x3b, 0x8d, 0x3d, 0xab, 0xe2, 0x87, 0xbc, 0x93, 0x0b, 0x44, 0x3d, 0x32, 0x14, 0xa2, 0x3d, 0x7e, 0x8e, 0x1b, 0x3d, 0x57, 0xc8, 0x98, 0xbd, 0x46, 0xc4, 0x2b, 0x3d, 0x43, 0x32, 0x02, 0x3d, 
0x22, 0x47, 0x84, 0x3d, 0xf8, 0x59, 0xa8, 0xbd, 0xeb, 0xec, 0x51, 0x3d, 0x9f, 0xb2, 0x8b, 0x3d, 0x42, 0xc8, 0x9e, 0xbd, 0x8b, 0xd9, 0x0e, 0x3c, 0x8c, 0xb1, 0x91, 0x3d, 0x28, 0x41, 0x78, 0xbd, 
0x00, 0xff, 0xdf, 0x3c, 0xd6, 0xd3, 0x16, 0x3d, 0x90, 0xeb, 0xb2, 0x3c, 0x93, 0xb0, 0xa9, 0x3d, 0x07, 0xbd, 0x8b, 0x3d, 0x9e, 0x6c, 0x92, 0x3d, 0x36, 0x2f, 0x2a, 0xbc, 0xea, 0x23, 0x8f, 0x3d, 
0xe3, 0x0b, 0x9f, 0xbd, 0x88, 0x31, 0x38, 0xbd, 0x70, 0x02, 0x92, 0xbc, 0x70, 0xca, 0xca, 0xbc, 0xd7, 0xa4, 0x9d, 0x3d, 0xbe, 0xfe, 0x20, 0x3d, 0x3e, 0xc1, 0x5b, 0x3d, 0x9b, 0x2d, 0x68, 0x3d, 
0x2b, 0xfa, 0x7e, 0xbd, 0x60, 0x22, 0x1e, 0xbc, 0x4b, 0x5f, 0x47, 0x3c, 0x76, 0x8e, 0xb1, 0x3c, 0x56, 0x86, 0x2f, 0x3d, 0xa0, 0xd1, 0x07, 0xbd, 0xf6, 0xd8, 0xcd, 0xbc, 0xca, 0xcd, 0x8e, 0x3d, 
0x90, 0x37, 0xb7, 0xbc, 0xb0, 0x1a, 0x6d, 0xbd, 0x06, 0x70, 0x67, 0x3d, 0xc0, 0x22, 0x67, 0x3d, 0xcb, 0x0f, 0xd6, 0xbc, 0x90, 0x7a, 0x88, 0xbc, 0xf0, 0xdc, 0x7b, 0xbd, 0xce, 0x85, 0x8e, 0xbd, 
0xb6, 0x5b, 0x00, 0x3d, 0xa8, 0xd0, 0x11, 0xbd, 0xf2, 0xdd, 0x87, 0x3d, 0xb2, 0xa7, 0x88, 0xbd, 0x2b, 0xb9, 0x3c, 0xbc, 0x00, 0xd7, 0xeb, 0x3a, 0x63, 0x6d, 0x2f, 0x3d, 0x33, 0x20, 0x8a, 0x3d, 
0x08, 0x27, 0x67, 0x3d, 0xeb, 0x40, 0x16, 0x3d, 0x7e, 0xab, 0x1c, 0xbd, 0x2e, 0xc3, 0x73, 0xbd, 0x3b, 0xae, 0x98, 0xbd, 0x2b, 0x74, 0x87, 0x3b, 0xb7, 0x86, 0xa5, 0x3d, 0xdb, 0xaa, 0x81, 0xbc, 
0x00, 0xea, 0x65, 0xbb, 0x7e, 0x0b, 0x78, 0xbd, 0xd6, 0x95, 0xd1, 0x3c, 0x50, 0x66, 0x58, 0x3d, 0x53, 0x43, 0xa8, 0xbd, 0x23, 0x57, 0x70, 0xbd, 0x08, 0xd4, 0x7c, 0x3d, 0x9b, 0xa1, 0xa1, 0x3c, 
0x16, 0x3f, 0xaa, 0xbb, 0x8b, 0x10, 0x74, 0x3c, 0x80, 0x96, 0x4f, 0xbc, 0x7e, 0x94, 0x6e, 0xbd, 0xde, 0x79, 0x9f, 0xbd, 0x66, 0x7f, 0x60, 0x3d, 0x60, 0x63, 0x22, 0xbc, 0xa0, 0x88, 0xfd, 0xbc, 
0xe6, 0x34, 0xb0, 0xbc, 0xcb, 0x2b, 0x3a, 0xbd, 0xcb, 0x31, 0xca, 0xbc, 0xb3, 0x80, 0x92, 0xbd, 0x43, 0x6f, 0x7f, 0x3d, 0x83, 0x61, 0x0b, 0x3d, 0x48, 0x24, 0x2c, 0xbd, 0xd0, 0x00, 0xe9, 0xbc, 
0x8b, 0x22, 0x19, 0x3d, 0x90, 0xcb, 0xfc, 0xbc, 0xd0, 0x03, 0xb4, 0x3c, 0x6b, 0xf7, 0xbb, 0x3c, 0xf6, 0xdd, 0x56, 0xbd, 0x50, 0x02, 0xab, 0x3c, 0xd6, 0x12, 0xa7, 0x3b, 0xba, 0x0e, 0x95, 0x3d, 
0xa0, 0x00, 0xf7, 0xbc, 0xfb, 0x7d, 0xaf, 0xbc, 0xe8, 0x0b, 0x93, 0x3d, 0xe7, 0x5d, 0x8b, 0xbd, 0x56, 0x49, 0xc5, 0x3b, 0x0f, 0x70, 0xa4, 0x3d, 0xfe, 0x0a, 0x19, 0xbd, 0x77, 0x9d, 0xa3, 0x3d, 
0x82, 0x70, 0x97, 0x3d, 0x2a, 0xc7, 0x9e, 0x3d, 0xcb, 0x48, 0x02, 0xbc, 0x08, 0x64, 0x9a, 0x3d, 0xbe, 0xb9, 0x14, 0xbd, 0x2b, 0xae, 0xe9, 0xbc, 0x78, 0x1a, 0x01, 0x3d, 0x20, 0x36, 0x90, 0x3c, 
0x33, 0x2b, 0x3c, 0x3d, 0x16, 0x30, 0xa2, 0x3d, 0xc3, 0xab, 0x55, 0xbd, 0x9b, 0x27, 0x35, 0x3d, 0x66, 0x65, 0xe4, 0x3c, 0x9b, 0x13, 0x34, 0x3d, 0xd0, 0xd9, 0x21, 0x3d, 0x76, 0x5d, 0xff, 0xbc, 
0x2f, 0xe3, 0x86, 0xbd, 0x58, 0x99, 0x88, 0x3d, 0xf3, 0xa3, 0x42, 0xbd, 0x43, 0x39, 0x5a, 0x3d, 0xa2, 0x95, 0xa2, 0xbd, 0xb6, 0x34, 0x6c, 0xbc, 0x56, 0x89, 0x67, 0x3a, 0x20, 0x3c, 0x6c, 0x3c, 
0xab, 0xb9, 0xdc, 0x3b, 0xd0, 0x1c, 0xd7, 0x3c, 0xc0, 0x05, 0x18, 0xbc, 0x26, 0x30, 0xa7, 0x3c, 0x9a, 0xe3, 0xa8, 0x3d, 0x46, 0xdc, 0x5c, 0xbd, 0xeb, 0x15, 0x95, 0xbb, 0x78, 0x4b, 0x02, 0xbd, 
0x7c, 0xbf, 0x95, 0x3d, 0xf4, 0x18, 0x92, 0x3d, 0x2b, 0xed, 0x14, 0xbb, 0x70, 0xa2, 0xec, 0xbc, 0xf8, 0xe5, 0x52, 0xbd, 0xce, 0x3c, 0x74, 0x3d, 0x2b, 0x0b, 0xbc, 0xbb, 0x4a, 0xbc, 0xa0, 0x3d, 
0x40, 0xa6, 0x42, 0x3d, 0xa4, 0x62, 0x95, 0x3d, 0xfb, 0xfb, 0x86, 0x3d, 0x16, 0xd0, 0x5d, 0xbd, 0x6b, 0xd1, 0xc7, 0x3c, 0x73, 0x89, 0x0d, 0xbd, 0xde, 0x43, 0x2b, 0x3d, 0x80, 0x83, 0xf5, 0xbb, 
0xc0, 0x64, 0xec, 0x3b, 0xb3, 0x11, 0x6c, 0xbd, 0x78, 0x87, 0x98, 0xbd, 0x73, 0x89, 0x00, 0x3d, 0x4b, 0xa4, 0x9e, 0x3c, 0x80, 0x31, 0xed, 0x3b, 0xee, 0xd4, 0x67, 0x3d, 0x36, 0x88, 0x0e, 0xbd, 
0x66, 0x55, 0xf2, 0x3c, 0x48, 0xfe, 0x3b, 0xbd, 0xd0, 0x72, 0x8d, 0x3c, 0x10, 0xda, 0x9b, 0xbc, 0x7b, 0x0b, 0x6f, 0x3d, 0xba, 0x3e, 0x95, 0x3d, 0x62, 0x3a, 0x94, 0x3d, 0x80, 0xac, 0x75, 0x3b, 
0x2b, 0x48, 0x49, 0x3d, 0x06, 0x85, 0xaa, 0xbd, 0x63, 0x39, 0x48, 0xbd, 0x4b, 0x04, 0x74, 0x3c, 0x56, 0xa9, 0xf3, 0x39, 0x5c, 0xfc, 0x85, 0xbd, 0xfe, 0x13, 0x17, 0xbd, 0xd0, 0x6b, 0x1f, 0xbd, 
0x0f, 0x17, 0xa9, 0xbd, 0x80, 0x36, 0x02, 0x3c, 0x56, 0xaf, 0x68, 0x3d, 0xe3, 0x88, 0x0a, 0x3d, 0xc0, 0x2d, 0x22, 0xbd, 0x9f, 0xb7, 0x9c, 0xbd, 0xa0, 0xb0, 0x89, 0xbd, 0x56, 0x9b, 0xca, 0x3a, 
0xc8, 0xce, 0x6a, 0x3d, 0x0b, 0x3b, 0x0a, 0xbd, 0x1e, 0xbc, 0x39, 0xbd, 0x23, 0x16, 0x36, 0xbd, 0xeb, 0x63, 0xec, 0xbb, 0x0c, 0x13, 0xa2, 0xbd, 0x97, 0x9a, 0x96, 0xbd, 0xaf, 0x00, 0xa8, 0x3d, 
0x90, 0xc9, 0x22, 0xbd, 0xab, 0x41, 0x76, 0xbc, 0x3b, 0xa6, 0xb6, 0xbc, 0x86, 0xee, 0x95, 0xbd, 0xeb, 0xb2, 0x70, 0xbc, 0xc6, 0xf9, 0xd0, 0x3c, 0xdb, 0x99, 0x0a, 0xbd, 0xd6, 0xc2, 0x68, 0xbb, 
0xab, 0xfe, 0xd0, 0xb9, 0x46, 0xe6, 0xa9, 0xbd, 0x73, 0x0d, 0x78, 0x3d, 0x22, 0xdc, 0x89, 0x3d, 0x13, 0xb9, 0x68, 0x3d, 0xc6, 0x2f, 0xe0, 0xbc, 0x46, 0x5e, 0x32, 0x3d, 0xc4, 0xe6, 0x9f, 0xbd, 
0xf6, 0xe1, 0xa8, 0xbc, 0xfb, 0xd7, 0x8a, 0xbc, 0x60, 0x15, 0xf1, 0xbc, 0x2b, 0x5c, 0x0f, 0x3d, 0xfe, 0x87, 0x1b, 0xbd, 0x56, 0x3f, 0x1e, 0xbc, 0x50, 0x1f, 0xc5, 0xbc, 0x2a, 0x45, 0xa0, 0xbd, 
0xd6, 0x78, 0x61, 0xbc, 0xce, 0xa2, 0x90, 0xbd, 0x6b, 0x08, 0x47, 0x3d, 0x16, 0x6e, 0x36, 0x3d, 0x12, 0xe1, 0x9f, 0x3d, 0xcb, 0x3d, 0xe5, 0xbc, 0x40, 0xdc, 0x8a, 0x3b, 0x60, 0xba, 0x85, 0x3c, 
0xd6, 0x5c, 0xaa, 0x3d, 0x74, 0x6f, 0x9c, 0x3d, 0x4b, 0xa7, 0x30, 0xbd, 0x82, 0x38, 0x91, 0xbd, 0xe3, 0xd1, 0x99, 0xbd, 0x56, 0x5f, 0x24, 0xbd, 0x87, 0x7e, 0x8f, 0x3d, 0xfb, 0x45, 0xe5, 0x3c, 
0x14, 0xab, 0xa4, 0x3d, 0xde, 0x00, 0x7d, 0x3d, 0x56, 0x5a, 0x9e, 0x3a, 0xce, 0x8c, 0x53, 0xbd, 0xf7, 0xa7, 0xa6, 0x3d, 0x66, 0xe7, 0x88, 0x3d, 0x23, 0xc7, 0x13, 0x3d, 0x3b, 0x75, 0x3a, 0xbd, 
0x9b, 0x72, 0x86, 0x3d, 0xc0, 0x88, 0xf8, 0x3b, 0x80, 0xb3, 0x61, 0x3d, 0x10, 0x76, 0x0e, 0x3d, 0x38, 0x40, 0x35, 0x3d, 0x83, 0xc1, 0x95, 0xbd, 0x4e, 0x43, 0x3d, 0xbd, 0xd6, 0xb8, 0x4c, 0x3d, 
0x56, 0x39, 0x8e, 0xbc, 0xff, 0x79, 0x94, 0xbd, 0x43, 0x34, 0x9b, 0x3d, 0x56, 0x35, 0xec, 0xba, 0x8f, 0xac, 0x89, 0x3d, 0x5c, 0x65, 0x85, 0xbd, 0xb6, 0x09, 0xeb, 0x3c, 0xd0, 0x91, 0x00, 0xbd, 
0x68, 0xa3, 0x0f, 0xbd, 0x36, 0x62, 0x8e, 0xbc, 0xb0, 0xaf, 0xfc, 0xbc, 0x7e, 0x09, 0x3b, 0x3d, 0xc0, 0xb4, 0x81, 0xbc, 0x0a, 0x67, 0x81, 0x3d, 0xe6, 0xc5, 0x9b, 0x3c, 0x00, 0xf7, 0x52, 0xbc, 
0x68, 0x27, 0x45, 0xbd, 0x5e, 0x46, 0x9c, 0xbd, 0x2b, 0x26, 0xc7, 0xbc, 0xf0, 0x0a, 0x9e, 0xbd, 0xcb, 0xf4, 0x7c, 0xbc, 0x00, 0x86, 0xb2, 0x3a, 0x80, 0xf9, 0xaf, 0xbb, 0x30, 0xab, 0x27, 0xbd, 
0x36, 0xe8, 0x6c, 0x3d, 0x68, 0x3b, 0x40, 0x3d, 0x86, 0x31, 0xa8, 0xbc, 0xe0, 0xdc, 0x06, 0xbd, 0xc8, 0x97, 0x56, 0x3d, 0xf2, 0x7b, 0x94, 0x3d, 0xdc, 0x44, 0x9c, 0xbd, 0x16, 0x7f, 0x93, 0xbc, 
0x6b, 0x69, 0xfd, 0xbb, 0xbb, 0x2a, 0xf7, 0xbc, 0x1f, 0xb3, 0x91, 0x3d, 0xe0, 0xac, 0x49, 0xbc, 0x12, 0xb3, 0x90, 0x3d, 0x56, 0xfd, 0xd7, 0x39, 0x76, 0x19, 0x14, 0xbc, 0xae, 0x19, 0x47, 0xbd, 
0xb6, 0xfd, 0xe2, 0xbc, 0xb6, 0xf9, 0xdb, 0x3c, 0x0b, 0xfc, 0x16, 0x3d, 0xab, 0x50, 0x42, 0xbb, 0x57, 0x9e, 0xa2, 0x3d, 0x7e, 0x3f, 0x6c, 0xbd, 0x2e, 0xdf, 0x02, 0x3d, 0x1f, 0xb7, 0x99, 0x3d, 
0x4b, 0x68, 0x6d, 0xbc, 0x6b, 0x7e, 0x87, 0x3d, 0xab, 0x0d, 0xb4, 0x3a, 0x10, 0x9b, 0x7f, 0xbd, 0xd6, 0x42, 0x3b, 0xbd, 0x60, 0x19, 0xfe, 0x3c, 0x2e, 0xb6, 0x13, 0xbd, 0x5b, 0x30, 0xa4, 0x3c, 
0xc6, 0xfa, 0xa7, 0x3d, 0x76, 0xe3, 0xe7, 0x3c, 0x00, 0x90, 0xff, 0xbb, 0xcb, 0xa2, 0xaa, 0x3c, 0x36, 0xa8, 0x44, 0xbd, 0x38, 0x67, 0x8f, 0xbd, 0x42, 0x4a, 0x80, 0xbd, 0xf3, 0x34, 0x8f, 0xbd, 
0xb6, 0x18, 0x8c, 0x3c, 0xd6, 0xf8, 0x84, 0x3c, 0x46, 0x0e, 0x11, 0xbd, 0x0e, 0xf0, 0xa6, 0xbd, 0xe3, 0xe6, 0x38, 0x3d, 0xfb, 0xac, 0x41, 0xbd, 0x76, 0xf0, 0x63, 0xbc, 0xd6, 0x19, 0x8f, 0xbd, 
0xe6, 0x90, 0x40, 0xbd, 0xfe, 0x63, 0x0e, 0x3d, 0xc6, 0x03, 0x9f, 0xbd, 0x4e, 0xa4, 0x42, 0xbd, 0x6e, 0xe8, 0x7f, 0x3d, 0x68, 0x0d, 0x2f, 0xbd, 0x43, 0x0c, 0x0e, 0xbd, 0xc6, 0xac, 0xbf, 0xbc, 
0xf3, 0xe7, 0x11, 0x3d, 0x80, 0xe7, 0x5f, 0xbd, 0x4b, 0xe5, 0x08, 0x3c, 0xc6, 0x66, 0x0b, 0x3d, 0x56, 0x3a, 0xc6, 0xbb, 0xb6, 0xe0, 0x76, 0x3c, 0x52, 0x31, 0x82, 0xbd, 0x0e, 0x51, 0x1a, 0x3d, 
0xf6, 0x21, 0xff, 0x3c, 0xb6, 0x41, 0x2b, 0xbc, 0x84, 0x1e, 0x8d, 0xbd, 0x66, 0x86, 0x08, 0x3d, 0xf3, 0xbb, 0x5e, 0x3d, 0xc0, 0xce, 0x6e, 0xbc, 0x1e, 0xe2, 0x20, 0x3d, 0x60, 0x09, 0xfd, 0x3c, 
0xb3, 0x85, 0x08, 0xbd, 0x56, 0x90, 0xbd, 0xbb, 0x5f, 0xe3, 0xa9, 0x3d, 0x00, 0x44, 0xce, 0x39, 0xbb, 0xde, 0x87, 0xbd, 0x96, 0x24, 0xc7, 0xbb, 0x93, 0xcf, 0x29, 0x3d, 0xab, 0xd6, 0xde, 0xbc, 
0x2b, 0xc0, 0x32, 0xbd, 0x6c, 0x97, 0x8c, 0x3d, 0xc0, 0x91, 0x34, 0x3d, 0xe0, 0xf5, 0x67, 0xbc, 0xc0, 0x81, 0x8b, 0x3b, 0xc0, 0x66, 0x10, 0xbc, 0xe0, 0x7d, 0x9e, 0x3c, 0xd6, 0x17, 0x42, 0x3b, 
0x80, 0x8d, 0x4e, 0xbd, 0x0b, 0xf6, 0x7c, 0x3c, 0x00, 0xd7, 0x0e, 0x3b, 0x16, 0x8c, 0xb0, 0x3b, 0xf8, 0x13, 0x02, 0xbd, 0x26, 0xea, 0xae, 0x3c, 0x4a, 0x02, 0x8a, 0xbd, 0x9b, 0x10, 0xcc, 0x3c, 
0x5e, 0xf7, 0x38, 0x3d, 0x60, 0x42, 0x16, 0xbc, 0xeb, 0x92, 0x84, 0xbd, 0xab, 0xd2, 0x9e, 0xb9, 0x56, 0x15, 0xf8, 0x38, 0xaf, 0x7d, 0x93, 0xbd, 0x66, 0x6c, 0x71, 0xbd, 0x30, 0xdb, 0x9d, 0x3d, 
0x66, 0x41, 0x7f, 0x3d, 0x00, 0x2b, 0x3d, 0x3d, 0x2e, 0x76, 0x6c, 0x3d, 0x93, 0x66, 0x03, 0x3d, 0x3b, 0x19, 0x40, 0x3d, 0x8e, 0x12, 0x62, 0x3d, 0xe6, 0x79, 0x9f, 0xbc, 0x60, 0x90, 0x2d, 0xbc, 
0xf3, 0x62, 0x73, 0x3d, 0x00, 0xc0, 0xfb, 0xb7, 0xdb, 0x19, 0x5e, 0xbd, 0xb2, 0x55, 0x84, 0xbd, 0x3b, 0xe6, 0x3e, 0x3d, 0xd4, 0x5d, 0x8d, 0x3d, 0xb6, 0x8a, 0x84, 0x3d, 0xab, 0x37, 0x63, 0x3c, 
0xa3, 0x9d, 0x6b, 0x3d, 0xdb, 0xb1, 0x9c, 0xbd, 0x03, 0xeb, 0x75, 0xbd, 0x7e, 0x38, 0xa4, 0xbd, 0xf8, 0x80, 0x89, 0x3d, 0x56, 0xab, 0x45, 0xba, 0x06, 0x2c, 0x1d, 0xbd, 0x06, 0xff, 0xe6, 0x3c, 
0x6b, 0x8b, 0xff, 0xbc, 0x83, 0xe9, 0x5a, 0xbd, 0xd6, 0xa6, 0x03, 0x3d, 0xab, 0xfd, 0x79, 0x3c, 0x63, 0x6f, 0x74, 0xbd, 0xc3, 0xd2, 0x60, 0xbd, 0x76, 0x0a, 0x20, 0x3d, 0x5f, 0xc5, 0x81, 0x3d, 
0xab, 0x4b, 0xde, 0x3b, 0x56, 0x72, 0x2b, 0xbd, 0x36, 0xd2, 0x24, 0x3d, 0x20, 0x1f, 0x6e, 0x3c, 0x47, 0x6a, 0x95, 0xbd, 0x08, 0x33, 0x5d, 0xbd, 0x80, 0x6b, 0x95, 0x3c, 0x56, 0x35, 0x53, 0x3d, 
0xeb, 0x50, 0xdb, 0xbc, 0xce, 0x0b, 0x25, 0x3d, 0x60, 0x64, 0x53, 0xbd, 0x12, 0x51, 0xa3, 0x3d, 0x0e, 0x37, 0x73, 0x3d, 0xa0, 0xbc, 0x7f, 0x3c, 0x4e, 0xdb, 0x17, 0x3d, 0xd0, 0xac, 0xed, 0x3c, 
0x7b, 0x6b, 0x49, 0xbd, 0x56, 0x7d, 0x3e, 0xba, 0x4b, 0x0a, 0xb6, 0x3c, 0x6b, 0x16, 0x9a, 0xbc, 0xf7, 0xa8, 0xa3, 0x3d, 0x6e, 0xa1, 0x03, 0xbd, 0xcf, 0x6a, 0x98, 0xbd, 0x2b, 0x80, 0x22, 0xbd, 
0xa6, 0x64, 0x9e, 0xbd, 0x37, 0xa3, 0x8c, 0x3d, 0x4b, 0x3a, 0x19, 0xbd, 0x2b, 0x27, 0x70, 0xbd, 0x40, 0x97, 0x13, 0xbc, 0x48, 0xfe, 0x65, 0xbd, 0xb0, 0x4d, 0x32, 0xbd, 0xe3, 0x03, 0x2e, 0x3d, 
0xc3, 0x22, 0x80, 0xbd, 0x5e, 0xf8, 0x20, 0x3d, 0xd6, 0xe9, 0x78, 0x3d, 0x00, 0x00, 0x44, 0xb9, 0x83, 0x90, 0x17, 0x3d, 0x68, 0x33, 0x3f, 0xbd, 0xb7, 0x16, 0x85, 0x3d, 0xee, 0xca, 0xa5, 0x3d, 
0x06, 0x3a, 0xa2, 0x3c, 0x40, 0x86, 0x9b, 0x3d, 0x14, 0x80, 0xa9, 0xbd, 0x2b, 0xea, 0x15, 0xbc, 0x20, 0xa4, 0x87, 0x3c, 0x5b, 0x57, 0x94, 0xbd, 0x88, 0x1a, 0x26, 0x3d, 0x4b, 0x16, 0x02, 0xbd, 
0x9b, 0xe8, 0xf6, 0xbc, 0xce, 0x68, 0x87, 0xbd, 0x0b, 0x8b, 0x0b, 0x3d, 0x06, 0x5d, 0x78, 0xbd, 0xa0, 0xdd, 0x90, 0xbc, 0x88, 0xa1, 0x17, 0x3d, 0x33, 0x92, 0x80, 0x3d, 0x40, 0x5e, 0x9a, 0x3c, 
0xf0, 0xa9, 0xfe, 0xbc, 0xdb, 0x77, 0x14, 0xbd, 0xa3, 0x95, 0x3f, 0x3d, 0x20, 0x52, 0x7d, 0x3c, 0xfb, 0xaa, 0x8f, 0x3d, 0x96, 0x8a, 0x00, 0x3d, 0x6c, 0x7c, 0x89, 0x3d, 0x52, 0x86, 0x89, 0xbd, 
0x27, 0x34, 0x89, 0x3d, 0xb8, 0xd3, 0x1c, 0xbd, 0x46, 0xbd, 0xb6, 0xbc, 0xab, 0xc0, 0x02, 0x3a, 0x90, 0x05, 0x80, 0xbc, 0x10, 0x09, 0x87, 0x3c, 0x9e, 0x14, 0x98, 0x3d, 0x0e, 0xf1, 0x4b, 0xbd, 
0x6b, 0xef, 0xd2, 0x3c, 0x60, 0x2a, 0x89, 0xbd, 0xe0, 0x60, 0x56, 0x3c, 0xdf, 0x98, 0x8c, 0x3d, 0xc6, 0x27, 0x66, 0x3d, 0x0e, 0x27, 0x92, 0x3d, 0xa3, 0xc5, 0x38, 0x3d, 0xeb, 0xeb, 0xe1, 0xbb, 
0xf0, 0x3d, 0xb2, 0x3c, 0xb3, 0xa0, 0x0e, 0xbd, 0xa3, 0xdd, 0x90, 0x3d, 0x40, 0xe8, 0x2a, 0x3d, 0x26, 0xd4, 0x79, 0xbd, 0x6b, 0x91, 0x93, 0x3d, 0x56, 0x15, 0xa2, 0xba, 0xab, 0xc4, 0x72, 0xbb, 
0xf6, 0xd5, 0xba, 0xbc, 0x70, 0x1d, 0xb4, 0xbc, 0xc0, 0xab, 0x88, 0x3b, 0xa8, 0xa2, 0x26, 0xbd, 0x5c, 0xc1, 0x9e, 0xbd, 0xa6, 0xd2, 0x2f, 0xbd, 0x4b, 0xd9, 0x87, 0xbc, 0xc4, 0xe0, 0x80, 0x3d, 
0x8b, 0x1a, 0x7b, 0x3d, 0xbb, 0x82, 0x4c, 0xbd, 0x56, 0xb3, 0x51, 0xbb, 0x60, 0x07, 0xc5, 0xbc, 0x43, 0x9a, 0x36, 0xbd, 0x20, 0x17, 0x70, 0xbc, 0x66, 0xde, 0xec, 0xbc, 0xd8, 0xc9, 0x3e, 0x3d, 
0xbb, 0x47, 0x29, 0xbd, 0x76, 0x0f, 0x52, 0x3c, 0x8b, 0x9e, 0x40, 0xbd, 0x50, 0x10, 0xd5, 0xbc, 0x56, 0x5a, 0x86, 0x3d, 0xa8, 0x92, 0x27, 0xbd, 0x56, 0x32, 0xa4, 0xbb, 0xb8, 0xfe, 0xa2, 0x3d, 
0x8b, 0xa7, 0xe9, 0x3c, 0x00, 0xbd, 0x2d, 0xbd, 0x06, 0xf0, 0x4c, 0xbd, 0xc0, 0x64, 0xef, 0xbc, 0xcb, 0xc6, 0xd5, 0xbc, 0xb0, 0x9c, 0x14, 0x3d, 0x16, 0xc6, 0x97, 0xbc, 0x57, 0xf0, 0x8f, 0x3d, 
0x88, 0x48, 0x3b, 0xbd, 0xf0, 0x78, 0xd5, 0xbc, 0xa6, 0x8b, 0xf8, 0x3c, 0xc2, 0x4d, 0x88, 0x3d, 0x30, 0x42, 0xa3, 0x3d, 0x4b, 0x88, 0x5a, 0x3c, 0x80, 0x33, 0x66, 0x3b, 0xf0, 0xed, 0x18, 0xbd, 
0x18, 0xdc, 0x40, 0x3d, 0x83, 0xda, 0x45, 0xbd, 0xa0, 0x6f, 0xb3, 0xbc, 0x84, 0xa4, 0x8e, 0xbd, 0xba, 0x11, 0xa4, 0xbd, 0xf6, 0xc9, 0x3e, 0x3d, 0x80, 0x83, 0xb9, 0x3b, 0x18, 0x0d, 0x88, 0x3d, 
0x03, 0xce, 0x87, 0x3d, 0xa3, 0x1d, 0x33, 0x3d, 0x83, 0x99, 0x08, 0x3d, 0xf0, 0x29, 0xb1, 0xbc, 0x40, 0x49, 0x35, 0x3d, 0xde, 0x22, 0x24, 0x3d, 0x00, 0x53, 0xec, 0x3c, 0xd6, 0xa6, 0x1d, 0xbb, 
0x80, 0xf0, 0x4b, 0x3c, 0x56, 0xd9, 0xc1, 0x39, 0xde, 0xb6, 0x77, 0xbd, 0x2b, 0x79, 0x9e, 0x3c, 0xfb, 0xed, 0x7a, 0xbd, 0x8b, 0x9d, 0x25, 0x3d, 0xa3, 0x5e, 0x4b, 0xbd, 0x50, 0xfe, 0xde, 0xbc, 
0xe0, 0xe0, 0x21, 0xbd, 0x88, 0xb5, 0x86, 0x3d, 0x90, 0x5f, 0x70, 0xbd, 0x1b, 0x4a, 0x2e, 0x3d, 0x63, 0x30, 0x2b, 0x3d, 0x1b, 0x59, 0x71, 0x3d, 0x80, 0x0b, 0xab, 0x3c, 0xd3, 0x13, 0x3a, 0x3d, 
0x7a, 0xe9, 0x86, 0x3d, 0x16, 0x78, 0x86, 0x3c, 0x66, 0x1e, 0xe8, 0x3c, 0x38, 0x73, 0x85, 0xbd, 0x90, 0x1c, 0xb7, 0xbc, 0x40, 0x98, 0xf7, 0x3b, 0xeb, 0x6b, 0x25, 0x3c, 0xdb, 0x2f, 0xf1, 0xbc, 
0x36, 0x30, 0xa9, 0xbd, 0xd6, 0x88, 0xb1, 0xbc, 0x28, 0xad, 0x02, 0x3d, 0xbf, 0xf4, 0x92, 0x3d, 0xf3, 0x1d, 0x9a, 0xbd, 0xde, 0xf6, 0x22, 0x3d, 0xef, 0xf0, 0xa1, 0xbd, 0x77, 0x35, 0xa3, 0xbd, 
0x16, 0xc2, 0x55, 0xbd, 0x76, 0x56, 0x34, 0xbc, 0x26, 0xaa, 0xbe, 0x3c, 0x3e, 0xcb, 0x81, 0xbd, 0x0a, 0x7d, 0x83, 0x3d, 0xa6, 0x55, 0x9a, 0x3d, 0x00, 0x02, 0xa8, 0x3b, 0x80, 0xeb, 0x8a, 0x3d, 
0xe0, 0x86, 0x1a, 0xbd, 0x98, 0x07, 0x07, 0xbd, 0x80, 0x30, 0x30, 0xbc, 0x00, 0x2f, 0x15, 0x3c, 0x06, 0x1c, 0x6e, 0xbd, 0xc2, 0xa8, 0x88, 0xbd, 0x8b, 0xd6, 0x06, 0x3d, 0xc0, 0xd4, 0xc4, 0x3c, 
0x38, 0xf5, 0xa6, 0x3d, 0x80, 0x2a, 0x0b, 0xbd, 0xc0, 0x13, 0xf1, 0x3c, 0xbb, 0xbd, 0x09, 0xbd, 0xc0, 0x7f, 0x28, 0x3d, 0x00, 0x44, 0x97, 0xbb, 0x7b, 0x08, 0x7d, 0x3d, 0x56, 0xa2, 0x3d, 0x3d, 
0xd3, 0x0d, 0x8e, 0x3d, 0xe0, 0x68, 0x2f, 0x3d, 0x80, 0x2e, 0x4d, 0x3b, 0x6a, 0x13, 0x93, 0x3d, 0x36, 0x7e, 0x48, 0xbd, 0x6f, 0xf8, 0xa0, 0x3d, 0xf4, 0xc5, 0xa6, 0x3d, 0x4a, 0x08, 0xa3, 0x3d, 
0xa6, 0x71, 0x1f, 0xbd, 0xb8, 0xdb, 0x34, 0xbd, 0xc0, 0xc3, 0xac, 0x3b, 0xb6, 0x94, 0xd4, 0x3c, 0xd8, 0x38, 0x2b, 0x3d, 0x3e, 0xd2, 0x0a, 0x3d, 0x24, 0x52, 0x91, 0x3d, 0x10, 0x09, 0xab, 0xbc, 
0x00, 0xf7, 0xdf, 0xbc, 0x7b, 0xd4, 0xe4, 0x3c, 0xa0, 0x3c, 0xbe, 0x3c, 0xf3, 0x1b, 0x47, 0xbd, 0xb6, 0x0f, 0x04, 0x3c, 0x22, 0x94, 0x81, 0xbd, 0xfb, 0x45, 0xc8, 0xbc, 0xd3, 0xf6, 0x05, 0xbd, 
0x83, 0x9a, 0x95, 0x3d, 0x30, 0xa1, 0x99, 0xbd, 0x20, 0x88, 0x49, 0xbd, 0xff, 0x04, 0xa7, 0xbd, 0x16, 0x2c, 0xac, 0x3c, 0x3a, 0x5c, 0x83, 0xbd, 0xd6, 0xde, 0xdc, 0x3c, 0x0b, 0x18, 0x6d, 0xbd, 
0xd0, 0xa6, 0x5a, 0xbd, 0xfe, 0x60, 0x2e, 0xbd, 0xeb, 0xe4, 0x4c, 0x3c, 0x84, 0xd2, 0x9c, 0x3d, 0x96, 0xdd, 0x9f, 0x3d, 0x16, 0x4d, 0xce, 0xbb, 0xdf, 0x2a, 0xa7, 0xbd, 0x3b, 0x89, 0xe1, 0xbc, 
0xfe, 0x15, 0x02, 0xbd, 0x46, 0x33, 0x91, 0xbc, 0x68, 0x6b, 0x02, 0x3d, 0x58, 0xc5, 0x2b, 0x3d, 0xae, 0x56, 0x17, 0x3d, 0x26, 0x04, 0xc3, 0x3c, 0x68, 0x2e, 0x0a, 0xbd, 0x56, 0xbd, 0x67, 0xba, 
0x36, 0xc3, 0x2d, 0x3c, 0x8b, 0x59, 0x2e, 0xbd, 0x80, 0x46, 0xf4, 0xbb, 0xe0, 0x6e, 0x2a, 0xbc, 0x80, 0x3f, 0xa1, 0xbd, 0xc8, 0x65, 0x67, 0x3d, 0xe0, 0x09, 0x0a, 0xbc, 0xd3, 0x88, 0x93, 0xbd, 
0xe7, 0x06, 0x87, 0x3d, 0xa0, 0xa9, 0x37, 0xbd, 0xab, 0xb1, 0xf1, 0x3c, 0x96, 0x40, 0xa9, 0x3d, 0xab, 0xd1, 0x7c, 0x3b, 0xdb, 0x67, 0xc4, 0x3c, 0x1e, 0x9f, 0x07, 0x3d, 0x04, 0xfd, 0x80, 0x3d, 
0x2b, 0x75, 0xd1, 0xbc, 0x23, 0x13, 0x40, 0xbd, 0x80, 0xb1, 0xd5, 0xbb, 0x56, 0x78, 0x85, 0x3d, 0xab, 0xc9, 0xea, 0x3b, 0x8b, 0x29, 0x6d, 0x3d, 0xab, 0x6a, 0x22, 0xba, 0xb6, 0x74, 0xd1, 0x3c, 
0x2b, 0xe7, 0x3d, 0x3b, 0xd6, 0x40, 0x14, 0x3b, 0xe4, 0x68, 0xa2, 0xbd, 0xe0, 0x33, 0x95, 0xbd, 0x2b, 0x00, 0xe3, 0x3b, 0xf8, 0xef, 0x28, 0x3d, 0xa3, 0x4a, 0x65, 0x3d, 0x80, 0xf6, 0x6c, 0x3b, 
0x20, 0xe1, 0x0f, 0x3d, 0x1e, 0xc2, 0x0e, 0x3d, 0x12, 0x54, 0x93, 0xbd, 0x30, 0x01, 0x96, 0xbd, 0x63, 0x53, 0x84, 0xbd, 0x56, 0xca, 0xbb, 0x3a, 0xa8, 0xd4, 0x57, 0xbd, 0x56, 0x76, 0xda, 0xbc, 
0xeb, 0x45, 0x4c, 0xbc, 0xdb, 0x2c, 0x05, 0x3d, 0x4b, 0x48, 0x9e, 0x3c, 0xc7, 0x52, 0x9e, 0x3d, 0x94, 0xf0, 0x99, 0x3d, 0x83, 0xc1, 0x59, 0xbd, 0x00, 0xa4, 0x89, 0xb9, 0xb6, 0x76, 0x61, 0x3c, 
0xe3, 0xfd, 0x94, 0x3d, 0xa0, 0x92, 0xd3, 0xbc, 0x0e, 0x25, 0x06, 0xbd, 0x40, 0x38, 0x58, 0xbd, 0xe8, 0x83, 0x7b, 0x3d, 0x9b, 0x67, 0xc1, 0xbc, 0x06, 0xad, 0xff, 0xbc, 0x13, 0xde, 0x66, 0x3d, 
0x90, 0x0a, 0x9d, 0x3d, 0xd6, 0x25, 0x66, 0xbb, 0xa3, 0x9b, 0x70, 0xbd, 0x82, 0x0e, 0x8b, 0x3d, 0xab, 0x79, 0xe9, 0xbc, 0x7e, 0x4b, 0x1d, 0xbd, 0x2b, 0xf7, 0x6f, 0xbd, 0xc0, 0x28, 0x24, 0xbd, 
0x02, 0xa9, 0x85, 0xbd, 0xc0, 0x05, 0x45, 0xbd, 0x5e, 0x78, 0x9b, 0xbd, 0xe6, 0x97, 0x89, 0xbc, 0xde, 0x3d, 0x09, 0x3d, 0xb3, 0x8e, 0x81, 0xbd, 0x00, 0x10, 0xf4, 0xb8, 0xcb, 0xbd, 0xfb, 0xbc, 
0x33, 0x1a, 0x25, 0x3d, 0x6c, 0xd1, 0x93, 0x3d, 0x20, 0xfe, 0x34, 0xbc, 0x00, 0xcb, 0x2b, 0xbd, 0x58, 0x22, 0x83, 0xbd, 0x70, 0x8a, 0x48, 0xbd, 0x06, 0x1a, 0xc5, 0x3c, 0x20, 0xa2, 0x9c, 0x3c, 
0x6e, 0xd1, 0x37, 0x3d, 0xcb, 0xdf, 0x4a, 0xbc, 0x76, 0x63, 0x2f, 0x3d, 0x04, 0x0d, 0x98, 0xbd, 0x8b, 0x83, 0xb7, 0x3c, 0x9f, 0xae, 0xa5, 0x3d, 0x96, 0xe8, 0xa8, 0xbd, 0x0e, 0x32, 0x31, 0xbd, 
0xd8, 0x82, 0x5a, 0x3d, 0xd6, 0x77, 0x55, 0xbc, 0x0b, 0xf2, 0x35, 0xbd, 0x43, 0x3c, 0x50, 0x3d, 0xd6, 0x0b, 0xb7, 0x3b, 0x80, 0xe7, 0x55, 0x3b, 0x66, 0x59, 0xcf, 0xbc, 0x47, 0x96, 0x80, 0x3d, 
0x2e, 0x56, 0x3d, 0x3d, 0x8b, 0x96, 0x74, 0x3c, 0x96, 0x5d, 0x50, 0x3c, 0x4b, 0x80, 0x30, 0x3d, 0x70, 0xa7, 0x54, 0x3d, 0xf3, 0x03, 0x0c, 0xbd, 0x80, 0x96, 0x15, 0xbc, 0x60, 0xda, 0x15, 0x3d, 
0x20, 0x67, 0x25, 0xbd, 0xf4, 0x94, 0x9f, 0x3d, 0x26, 0xd0, 0x69, 0xbd, 0xdb, 0x81, 0x1d, 0x3d, 0x1b, 0x2f, 0x75, 0xbd, 0x70, 0x2e, 0xdb, 0x3c, 0x1b, 0x68, 0x6e, 0x3d, 0x20, 0x97, 0x24, 0x3c, 
0x36, 0xd8, 0x08, 0xbc, 0xfb, 0x0e, 0x59, 0x3d, 0x63, 0x17, 0x75, 0xbd, 0x30, 0x49, 0x66, 0xbd, 0x67, 0x75, 0x91, 0xbd, 0x80, 0x1b, 0x52, 0xbd, 0xab, 0xbe, 0x0d, 0x3b, 0xb3, 0xc6, 0x1a, 0xbd, 
0x80, 0x16, 0x98, 0x3c, 0xd6, 0x4a, 0x38, 0x3b, 0xe0, 0x09, 0x8e, 0x3d, 0x43, 0x01, 0x14, 0xbd, 0x3b, 0xc1, 0xba, 0xbc, 0x7e, 0xc1, 0x61, 0x3d, 0x86, 0x9d, 0xac, 0xbc, 0x37, 0x65, 0xa3, 0x3d, 
0x20, 0x92, 0x07, 0xbd, 0x00, 0x40, 0x6f, 0xba, 0x30, 0xbe, 0xa1, 0xbc, 0x7b, 0x3f, 0x1f, 0x3d, 0xb0, 0xc9, 0x02, 0x3d, 0x08, 0xc5, 0x35, 0xbd, 0x33, 0xeb, 0x60, 0x3d, 0x40, 0x83, 0xad, 0xbb, 
0x90, 0xa1, 0xac, 0xbc, 0x00, 0x54, 0xdc, 0xba, 0xab, 0x8c, 0x6d, 0x3d, 0xfa, 0x69, 0xa7, 0x3d, 0xf0, 0x16, 0x26, 0x3d, 0xd6, 0xe8, 0x6e, 0x3c, 0x0e, 0xc4, 0x5e, 0x3d, 0x10, 0xbc, 0x0e, 0xbd, 
0xc0, 0x61, 0x32, 0xbd, 0xfb, 0x24, 0xc5, 0xbc, 0x4b, 0xeb, 0x5c, 0xbd, 0x40, 0xc3, 0x12, 0x3d, 0x56, 0xb1, 0x01, 0x3c, 0x50, 0x90, 0xe9, 0xbc, 0xa0, 0x9c, 0x0a, 0xbc, 0xab, 0x92, 0xd8, 0xba, 
0xb7, 0x55, 0x92, 0x3d, 0x30, 0x59, 0x98, 0x3d, 0x2c, 0x63, 0x83, 0xbd, 0xf6, 0x31, 0xfa, 0x3c, 0x18, 0xce, 0x03, 0x3d, 0xcb, 0x83, 0x02, 0x3d, 0x56, 0x23, 0x3a, 0xbc, 0x10, 0xba, 0xaa, 0x3c, 
0xab, 0xc8, 0xab, 0x3c, 0x13, 0x1c, 0xa6, 0x3d, 0x5a, 0x92, 0xa3, 0xbd, 0x18, 0x87, 0x01, 0xbd, 0x56, 0xa6, 0x65, 0xbd, 0x16, 0x92, 0x25, 0xbd, 0x96, 0x08, 0x86, 0x3c, 0x73, 0x2c, 0x50, 0x3d, 
0x7f, 0x0f, 0x81, 0xbd, 0xdb, 0x01, 0x5e, 0x3d, 0xe8, 0x8e, 0x8e, 0x3d, 0xe0, 0x3e, 0x28, 0xbd, 0xab, 0x4d, 0x6e, 0x3c, 0x9e, 0x3b, 0x2f, 0xbd, 0xd6, 0x37, 0x92, 0x3c, 0xfb, 0x3f, 0x1e, 0xbd, 
0xd3, 0xf7, 0x04, 0xbd, 0x83, 0x7e, 0x64, 0xbd, 0xa7, 0x51, 0x8e, 0xbd, 0xc7, 0x31, 0x88, 0x3d, 0x56, 0x6b, 0x2c, 0xbc, 0x56, 0x82, 0x17, 0xbb, 0x08, 0xdf, 0x29, 0xbd, 0x0e, 0xe9, 0x6d, 0x3d, 
0xc0, 0x5e, 0x43, 0xbd, 0x70, 0x0e, 0x0a, 0xbd, 0x93, 0x39, 0x85, 0xbd, 0xa2, 0x82, 0x8f, 0xbd, 0x4a, 0x84, 0x97, 0x3d, 0xbf, 0xc9, 0x83, 0xbd, 0xeb, 0x7e, 0x3c, 0xbc, 0xd6, 0x9a, 0xc5, 0xbc, 
0x6b, 0x0d, 0xfa, 0x3c, 0x9b, 0x97, 0xb6, 0x3c, 0xdf, 0xd4, 0x82, 0xbd, 0x78, 0x45, 0x99, 0x3d, 0xb0, 0x01, 0xaa, 0xbd, 0x20, 0x0a, 0x07, 0x3c, 0x6b, 0x21, 0xe4, 0xbb, 0x9b, 0x33, 0x9e, 0xbc, 
0x7b, 0x9b, 0x68, 0x3d, 0xc3, 0x18, 0x90, 0x3d, 0x60, 0xda, 0x31, 0x3c, 0x00, 0x1e, 0xf1, 0xbc, 0x9e, 0xc3, 0x7d, 0x3d, 0x0b, 0x73, 0x56, 0x3d, 0x96, 0x39, 0x75, 0x3c, 0x96, 0xb7, 0xba, 0xbc, 
0xd6, 0x3f, 0x66, 0x3b, 0x3b, 0x1d, 0x98, 0x3d, 0x20, 0x10, 0x14, 0x3c, 0xa0, 0x87, 0x86, 0xbc, 0xef, 0x7e, 0x90, 0xbd, 0x23, 0xea, 0x36, 0xbd, 0xd8, 0x85, 0x76, 0x3d, 0x2b, 0x50, 0x40, 0xbb, 
0xeb, 0xd7, 0xb5, 0xbb, 0xdb, 0xe6, 0x04, 0x3d, 0x8b, 0x92, 0x60, 0xbd, 0xc0, 0x76, 0xb8, 0xbb, 0xc6, 0x00, 0xc0, 0xbc, 0xbe, 0x97, 0x32, 0x3d, 0x83, 0xe4, 0x8a, 0x3d, 0x68, 0x53, 0x56, 0x3d, 
0xa6, 0x7b, 0x7e, 0x3d, 0x6f, 0x86, 0x98, 0xbd, 0xab, 0x5b, 0xf2, 0xbc, 0x60, 0xad, 0x21, 0x3c, 0xe0, 0xf4, 0x90, 0xbd, 0x56, 0x30, 0xb9, 0x3c, 0xde, 0xbc, 0x5f, 0xbd, 0xfe, 0x43, 0x12, 0x3d, 
0x24, 0x21, 0x8a, 0x3d, 0x24, 0xff, 0x91, 0xbd, 0x43, 0x02, 0x8f, 0x3d, 0x40, 0x44, 0x1f, 0x3d, 0xd6, 0x40, 0x61, 0xbd, 0xbb, 0x5b, 0xa3, 0x3d, 0xfb, 0xcf, 0x93, 0xbd, 0xd6, 0xca, 0x65, 0xbd, 
0x78, 0xcb, 0x29, 0xbd, 0xd6, 0x46, 0x8a, 0xbb, 0x56, 0x2c, 0x75, 0x3c, 0xb6, 0x57, 0xc8, 0xbc, 0x14, 0xc4, 0xa1, 0xbd, 0x40, 0x9a, 0x1d, 0xbc, 0xcf, 0x7c, 0x81, 0x3d, 0x13, 0x67, 0x83, 0x3d, 
0x66, 0xde, 0x2a, 0x3d, 0x36, 0x3b, 0x46, 0x3c, 0x16, 0xa0, 0xa9, 0x3c, 0x8e, 0x91, 0x83, 0xbd, 0x28, 0x38, 0x0a, 0x3d, 0x84, 0xda, 0xa9, 0xbd, 0xdb, 0xf5, 0x0c, 0xbd, 0x20, 0x67, 0xb3, 0xbc, 
0xee, 0xa6, 0x7a, 0x3d, 0x80, 0x33, 0x1f, 0xbb, 0x03, 0x7b, 0x1b, 0xbd, 0x20, 0x89, 0x6e, 0x3c, 0x38, 0x9d, 0x8d, 0xbd, 0xb6, 0xbd, 0xb4, 0xbc, 0xe6, 0x10, 0xbd, 0x3c, 0x00, 0xd9, 0xb4, 0xbb, 
0x0b, 0x63, 0x0f, 0xbc, 0x4e, 0x9d, 0x50, 0x3d, 0xa8, 0xa4, 0x81, 0xbd, 0x13, 0x59, 0x2c, 0xbd, 0x52, 0x33, 0xa5, 0x3d, 0xd6, 0xd7, 0x87, 0x3c, 0x00, 0x10, 0x5d, 0xbc, 0x53, 0xce, 0x30, 0x3d, 
0x40, 0x57, 0x4d, 0x3d, 0x16, 0x26, 0x64, 0xbc, 0xf0, 0x2d, 0x0e, 0xbd, 0x96, 0x2c, 0x5f, 0xbc, 0xcb, 0xe1, 0xf7, 0x3c, 0x6b, 0x4d, 0x2e, 0xbc, 0xfe, 0xa7, 0x46, 0x3d, 0x18, 0x2d, 0x8b, 0xbd, 
0x0e, 0x78, 0x27, 0xbd, 0x22, 0x1b, 0x82, 0x3d, 0xe0, 0x1d, 0x33, 0x3c, 0x40, 0x78, 0x89, 0x3c, 0xa0, 0x86, 0xe0, 0x3c, 0x3b, 0x4f, 0xa1, 0xbc, 0x78, 0x80, 0x08, 0xbd, 0xa6, 0xd8, 0xc3, 0x3c, 
0x86, 0xed, 0xb4, 0xbc, 0x0b, 0x01, 0x0d, 0xbd, 0x76, 0x62, 0x34, 0x3c, 0xd6, 0x1f, 0xa5, 0x3c, 0x6b, 0x8e, 0xf6, 0xbb, 0x96, 0xd7, 0x66, 0xbd, 0x00, 0x71, 0x4e, 0xbc, 0x68, 0x71, 0x41, 0xbd, 
0x43, 0xa6, 0x33, 0x3d, 0xd8, 0x2a, 0x62, 0xbd, 0x27, 0x14, 0x88, 0x3d, 0xf6, 0xf2, 0x07, 0x3d, 0x10, 0x25, 0x92, 0xbd, 0xc6, 0x4d, 0x7d, 0x3d, 0x48, 0xc7, 0xa8, 0xbd, 0xab, 0xc3, 0x9e, 0xbb, 
0x28, 0x1d, 0x55, 0xbd, 0x00, 0xd2, 0x92, 0xbd, 0xf6, 0x46, 0x07, 0x3c, 0x9b, 0x7f, 0x25, 0xbd, 0x5b, 0xba, 0x76, 0x3d, 0xaa, 0x29, 0x86, 0xbd, 0x40, 0xa8, 0x8d, 0x3d, 0xe6, 0xec, 0x4d, 0x3d, 
0xe7, 0x7a, 0x95, 0x3d, 0x20, 0xe8, 0xc7, 0xbc, 0xd3, 0x38, 0x51, 0xbd, 0x1b, 0xc5, 0x62, 0xbd, 0xdf, 0xeb, 0x8d, 0x3d, 0x5b, 0xc5, 0x29, 0xbd, 0x2b, 0x1c, 0x28, 0xbc, 0xa0, 0x72, 0x52, 0xbc, 
0x8b, 0xe3, 0x6a, 0x3c, 0xa8, 0x0b, 0x8c, 0xbd, 0x80, 0x9d, 0x89, 0x3d, 0xd0, 0x90, 0x7c, 0xbd, 0x5e, 0xdc, 0xa7, 0x3d, 0xf0, 0x8e, 0x05, 0xbd, 0xf8, 0x60, 0x18, 0xbd, 0x20, 0xab, 0x3b, 0xbc, 
0x16, 0x0a, 0xca, 0x3c, 0xb6, 0xf9, 0x7c, 0xbc, 0x67, 0x55, 0xaa, 0xbd, 0x9b, 0x16, 0x70, 0x3d, 0x18, 0x0b, 0xa9, 0x3d, 0x66, 0x36, 0x2c, 0x3d, 0x77, 0x00, 0xa7, 0x3d, 0xa0, 0x0f, 0xba, 0x3c, 
0x6b, 0xf9, 0xd5, 0xbb, 0x6a, 0xef, 0x87, 0xbd, 0xdc, 0x29, 0x95, 0xbd, 0xc8, 0x01, 0x6b, 0xbd, 0x50, 0x35, 0xad, 0xbc, 0xc3, 0xc2, 0x46, 0x3d, 0x23, 0xd4, 0x0c, 0xbd, 0x2b, 0x1d, 0x54, 0xbb, 
0x00, 0x27, 0x9a, 0xba, 0x56, 0x1f, 0x5f, 0xbd, 0xd6, 0xd6, 0x13, 0xbb, 0xaf, 0xc9, 0xa4, 0x3d, 0xf7, 0x67, 0x88, 0x3d, 0xa7, 0xfb, 0x81, 0x3d, 0x6b, 0xa8, 0x06, 0xbc, 0xab, 0xb6, 0xc1, 0x3a, 
0x36, 0x9a, 0x3a, 0x3d, 0xb6, 0x12, 0xe3, 0xbc, 0x23, 0x55, 0x0a, 0xbd, 0x3f, 0x05, 0x92, 0x3d, 0xc0, 0xe5, 0x9b, 0x3b, 0x76, 0x78, 0x66, 0xbd, 0xfc, 0xcd, 0x8f, 0x3d, 0x40, 0x9d, 0x62, 0x3c, 
0x0b, 0xa2, 0x36, 0x3d, 0xca, 0x39, 0x94, 0xbd, 0x00, 0x5e, 0x7d, 0x3c, 0xd6, 0xc6, 0x50, 0x3d, 0x4b, 0xf8, 0x44, 0xbc, 0xf3, 0x03, 0x42, 0xbd, 0x2b, 0x8b, 0x88, 0x3d, 0xe6, 0xc2, 0x1e, 0x3d, 
0x66, 0x6d, 0xc2, 0x3c, 0xd6, 0x72, 0xa1, 0x3c, 0xab, 0x14, 0xf1, 0x3a, 0x4b, 0xbe, 0x43, 0x3d, 0x7b, 0x3c, 0x95, 0xbc, 0x90, 0xec, 0x48, 0xbd, 0x66, 0x56, 0x02, 0x3d, 0xeb, 0x21, 0xb6, 0x3c, 
0x53, 0xf6, 0x01, 0x3d, 0x2b, 0xa6, 0x17, 0xbc, 0x8b, 0x2f, 0x35, 0xbc, 0xd6, 0x07, 0xd9, 0xbb, 0xe6, 0x01, 0xb4, 0x3c, 0x6a, 0xf6, 0x82, 0xbd, 0x4c, 0x12, 0x9f, 0xbd, 0x7b, 0x73, 0xff, 0x3c, 
0x9b, 0xe1, 0x3a, 0xbd, 0x16, 0xb6, 0xe5, 0xbb, 0x36, 0x41, 0xbd, 0x3c, 0x36, 0x80, 0x3f, 0x3c, 0x6e, 0x0b, 0x5c, 0x3d, 0x00, 0xf9, 0x32, 0x3c, 0xeb, 0x02, 0xa9, 0x3c, 0xab, 0x6c, 0xf4, 0xbb, 
0x60, 0x89, 0x49, 0x3c, 0x3b, 0x51, 0xfa, 0x3c, 0xd0, 0xdc, 0x68, 0x3d, 0x6f, 0xb5, 0xa1, 0xbd, 0xd8, 0x2f, 0x0e, 0xbd, 0x50, 0x25, 0x99, 0xbd, 0x70, 0x16, 0x08, 0xbd, 0xe0, 0x11, 0x50, 0x3d, 
0xfe, 0xb4, 0xa1, 0xbd, 0xa2, 0xeb, 0x98, 0xbd, 0xce, 0xa3, 0x45, 0x3d, 0xeb, 0x91, 0x49, 0xbd, 0x0e, 0x78, 0x79, 0x3d, 0x26, 0xb6, 0xd4, 0x3c, 0x50, 0x5c, 0xab, 0x3c, 0x6a, 0x94, 0x87, 0x3d, 
0x74, 0x16, 0x9e, 0xbd, 0xee, 0xf4, 0x79, 0x3d, 0x20, 0x63, 0xdd, 0x3c, 0x13, 0xbb, 0x64, 0xbd, 0xdb, 0x19, 0xa6, 0x3c, 0x46, 0x42, 0xbe, 0xbc, 0x06, 0x02, 0x09, 0xbd, 0xcb, 0xde, 0x13, 0xbc, 
0x3e, 0xed, 0x20, 0xbd, 0xba, 0x3c, 0x95, 0x3d, 0xa7, 0xe4, 0x92, 0x3d, 0x8b, 0xa6, 0x11, 0xbc, 0xde, 0x57, 0x97, 0xbd, 0xc0, 0x0c, 0xa7, 0xbb, 0x96, 0x6a, 0xb4, 0x3b, 0x86, 0x27, 0x64, 0x3d, 
0xab, 0xb6, 0x2f, 0x3b, 0xfb, 0xaf, 0xc6, 0x3c, 0xb0, 0x22, 0xb5, 0x3c, 0x4e, 0xac, 0x41, 0xbd, 0x7b, 0xb9, 0x53, 0xbd, 0x6a, 0x89, 0x98, 0xbd, 0x00, 0x8c, 0x2b, 0xba, 0x26, 0x71, 0xd3, 0x3c, 
0xd6, 0x29, 0xc2, 0xbb, 0x0e, 0xa9, 0xa5, 0x3d, 0x2b, 0x3a, 0x82, 0xbc, 0xae, 0xba, 0x5e, 0xbd, 0xa0, 0x8e, 0x63, 0x3c, 0x1b, 0x3f, 0xc0, 0xbc, 0x36, 0x2c, 0x3b, 0xbc, 0x12, 0x5e, 0xa5, 0x3d, 
0x00, 0xb3, 0x1c, 0xbb, 0x9f, 0x15, 0x95, 0x3d, 0x8b, 0x55, 0x36, 0x3c, 0x86, 0xf7, 0xfd, 0xbc, 0x70, 0x40, 0x7a, 0x3d, 0xee, 0x6e, 0x42, 0xbd, 0xd6, 0xb2, 0x34, 0x3b, 0x1b, 0x72, 0x99, 0x3c, 
0xbb, 0x33, 0x19, 0x3d, 0x9c, 0x77, 0x9d, 0xbd, 0x6b, 0xf4, 0x85, 0x3b, 0x80, 0xc1, 0xb0, 0xbc, 0x1e, 0x4f, 0x5d, 0x3d, 0xd6, 0xad, 0xe5, 0x3c, 0x2e, 0xce, 0x08, 0x3d, 0xe3, 0x3a, 0x4d, 0x3d, 
0x0b, 0xd6, 0x98, 0xbc, 0xd6, 0xf3, 0xae, 0xbb, 0xff, 0xea, 0x88, 0x3d, 0x34, 0x8e, 0x89, 0xbd, 0xb3, 0xef, 0x6b, 0xbd, 0x16, 0xc3, 0xc7, 0x3b, 0x28, 0x36, 0x07, 0xbd, 0x56, 0x63, 0x9c, 0x3b, 
0x97, 0xc2, 0x96, 0x3d, 0x40, 0x46, 0x1e, 0xbc, 0x2c, 0x84, 0x91, 0xbd, 0x98, 0x29, 0x1b, 0xbd, 0x0f, 0xbc, 0x9c, 0x3d, 0x80, 0xf9, 0x95, 0xbc, 0xc8, 0xaa, 0x15, 0xbd, 0xa8, 0xa4, 0x19, 0x3d, 
0xeb, 0x05, 0x29, 0x3c, 0x2b, 0x79, 0x96, 0xbd, 0x02, 0x21, 0x8e, 0x3d, 0x98, 0x36, 0x40, 0x3d, 0x47, 0x57, 0x94, 0x3d, 0x03, 0x5e, 0x15, 0x3d, 0xeb, 0x29, 0xe6, 0xbc, 0xcb, 0xda, 0xde, 0xbc, 
0xee, 0x6a, 0x25, 0x3d, 0x6b, 0x56, 0x84, 0xbc, 0xd6, 0xd6, 0x85, 0x3c, 0xbe, 0x5f, 0xa5, 0xbd, 0x8b, 0xba, 0x28, 0xbd, 0x2b, 0x93, 0xfd, 0x3c, 0x6b, 0x9e, 0x86, 0xbb, 0xa3, 0x18, 0x24, 0xbd, 
0xf3, 0xdd, 0x94, 0xbd, 0x13, 0xf0, 0x58, 0x3d, 0x96, 0x41, 0x89, 0xbc, 0x86, 0xaf, 0xa7, 0xbd, 0x13, 0xa8, 0xa4, 0x3d, 0x16, 0x1a, 0x26, 0x3d, 0x30, 0x2a, 0x4c, 0xbd, 0xa3, 0x1d, 0x79, 0xbd, 
0xda, 0xea, 0xa4, 0x3d, 0x00, 0x6c, 0xb6, 0x39, 0x18, 0x49, 0x4d, 0xbd, 0x4e, 0x6b, 0x44, 0x3d, 0xe6, 0x32, 0x8e, 0xbc, 0x16, 0x0f, 0xbb, 0x3b, 0xe0, 0xcf, 0x31, 0xbd, 0xc4, 0x8d, 0x90, 0xbd, 
0xee, 0xaf, 0x62, 0xbd, 0xeb, 0xea, 0x15, 0xbc, 0x83, 0x1b, 0x77, 0xbd, 0xe8, 0x35, 0xa8, 0x3d, 0x56, 0x6f, 0x6c, 0x3a, 0x5b, 0xac, 0x02, 0xbd, 0xde, 0xe6, 0x06, 0x3d, 0xc8, 0x4e, 0x97, 0xbd, 
0xde, 0x96, 0x2e, 0xbd, 0x86, 0x34, 0x00, 0x3d, 0x54, 0x02, 0x91, 0xbd, 0x1e, 0x1f, 0x2a, 0x3d, 0xd6, 0x86, 0xe5, 0x3b, 0x98, 0x4d, 0x8e, 0xbd, 0x07, 0x60, 0xa9, 0xbd, 0xdb, 0xc1, 0xd7, 0x3c, 
0x63, 0x56, 0x21, 0x3d, 0x2b, 0x78, 0x88, 0xbc, 0xb6, 0xe9, 0x96, 0xbd, 0xeb, 0xb9, 0x44, 0xbd, 0xc0, 0x1c, 0x11, 0x3c, 0x56, 0xb0, 0x46, 0x3b, 0x36, 0xbf, 0xae, 0x3c, 0x20, 0x6b, 0x71, 0x3c, 
0xab, 0x21, 0x8f, 0xbb, 0x73, 0x21, 0x34, 0x3d, 0x8b, 0x8c, 0xa5, 0x3d, 0x30, 0x22, 0x8e, 0x3d, 0xa8, 0x14, 0x9b, 0x3d, 0xfb, 0x66, 0xe6, 0xbc, 0x16, 0x01, 0xe9, 0xbc, 0xf6, 0x01, 0x17, 0xbc, 
0xa6, 0xc4, 0xc9, 0x3c, 0x1b, 0x2a, 0x0a, 0x3d, 0xab, 0x66, 0xf3, 0xbb, 0xe6, 0x79, 0x5c, 0xbd, 0x9c, 0xc4, 0x80, 0xbd, 0xd2, 0x4d, 0xa4, 0x3d, 0xf6, 0x89, 0xb7, 0xbc, 0xeb, 0x8c, 0x38, 0xbc, 
0x8b, 0x30, 0x51, 0xbd, 0x28, 0x38, 0x29, 0xbd, 0xd0, 0xf0, 0x95, 0x3c, 0xd6, 0xc3, 0x0f, 0x3d, 0xe6, 0xef, 0x06, 0xbd, 0x4b, 0x45, 0xfb, 0xbc, 0xf7, 0x31, 0x87, 0x3d, 0xd8, 0xca, 0x2f, 0xbd, 
0xe3, 0xa9, 0x7e, 0xbd, 0x6b, 0x03, 0x55, 0xbc, 0x9a, 0x65, 0xa2, 0x3d, 0x6b, 0x8a, 0x94, 0x3c, 0x0b, 0xa7, 0x3c, 0x3c, 0x40, 0x00, 0x2a, 0xbc, 0x9e, 0x4b, 0x55, 0x3d, 0xa3, 0x2e, 0x29, 0xbd, 
0x80, 0x6d, 0x67, 0x3d, 0xa6, 0x46, 0xa1, 0x3c, 0x56, 0xcd, 0x17, 0x3c, 0xe0, 0xf5, 0x3b, 0x3c, 0x46, 0x82, 0x52, 0xbd, 0xb6, 0x82, 0x7d, 0x3d, 0x5e, 0x45, 0x33, 0x3d, 0x3c, 0x7b, 0x85, 0xbd, 
0x94, 0xe7, 0x9e, 0xbd, 0x00, 0xbd, 0xaf, 0xbc, 0xfb, 0xc3, 0x62, 0x3d, 0x98, 0x0c, 0x28, 0xbd, 0x20, 0x2e, 0x9e, 0x3d, 0x38, 0x9d, 0x2b, 0xbd, 0xe3, 0x29, 0x9a, 0xbd, 0xf6, 0x25, 0x16, 0x3d, 
0x63, 0x48, 0x4e, 0xbd, 0x96, 0x3a, 0x57, 0xbc, 0x2b, 0xed, 0xd4, 0xbc, 0x00, 0xfa, 0xd8, 0xbb, 0xdf, 0xb6, 0x94, 0xbd, 0x23, 0x89, 0x9c, 0xbd, 0x36, 0xbb, 0x12, 0x3d, 0xa0, 0xb6, 0x1a, 0xbc, 
0x16, 0xe7, 0x4d, 0xbd, 0x2b, 0x20, 0x0b, 0xbb, 0xe4, 0xc5, 0x9b, 0xbd, 0x6b, 0x35, 0xb5, 0x3c, 0xa8, 0x19, 0x22, 0x3d, 0xef, 0x83, 0xa5, 0x3d, 0x9c, 0x09, 0x8b, 0xbd, 0x76, 0x8e, 0x25, 0xbc, 
0x68, 0x3d, 0x39, 0x3d, 0xc8, 0x68, 0x9c, 0x3d, 0x60, 0xd9, 0x72, 0xbd, 0xc6, 0x0d, 0x11, 0x3d, 0x9e, 0xec, 0x0c, 0x3d, 0xa8, 0xc7, 0x4d, 0x3d, 0x1b, 0x52, 0x6b, 0xbd, 0xc3, 0x94, 0x73, 0x3d, 
0x23, 0xac, 0x14, 0xbd, 0x78, 0x1b, 0x52, 0xbd, 0x60, 0x8c, 0x87, 0x3c, 0x1f, 0x94, 0x90, 0x3d, 0xce, 0x09, 0x62, 0xbd, 0x98, 0x3d, 0x36, 0x3d, 0xa0, 0x5d, 0x1c, 0xbc, 0xc6, 0xee, 0xd9, 0x3c, 
0xcc, 0x21, 0x85, 0x3d, 0x9b, 0x5b, 0xb9, 0x3c, 0x17, 0xae, 0x8d, 0xbd, 0xd6, 0x88, 0xcd, 0xbc, 0x66, 0x7e, 0x87, 0x3c, 0x07, 0xf9, 0x8f, 0xbd, 0x80, 0xfc, 0x62, 0x3c, 0x10, 0x49, 0x37, 0xbd, 
0xd6, 0xb2, 0x87, 0xbc, 0xc6, 0x37, 0xf4, 0x3c, 0x1c, 0x5b, 0x89, 0xbd, 0x13, 0x24, 0x5b, 0xbd, 0x00, 0xaf, 0x1b, 0x3d, 0xd8, 0xcb, 0xa8, 0xbd, 0xd0, 0xe6, 0x6a, 0x3d, 0xf7, 0x98, 0x83, 0xbd, 
0x00, 0xe0, 0xaf, 0xba, 0xf0, 0x23, 0x8c, 0x3c, 0x03, 0xb0, 0x06, 0x3d, 0xc6, 0xda, 0x53, 0xbd, 0xa0, 0xbc, 0x37, 0x3c, 0x4b, 0xf9, 0x12, 0x3d, 0xe7, 0x61, 0x92, 0x3d, 0x63, 0x6f, 0x80, 0xbd, 
0x8e, 0xb3, 0x29, 0xbd, 0x36, 0xdf, 0xc6, 0x3c, 0xd6, 0x52, 0x2f, 0xbb, 0x4b, 0x57, 0x66, 0xbd, 0x48, 0xa4, 0x8f, 0xbd, 0x3a, 0x8a, 0x97, 0xbd, 0xee, 0xd8, 0x6e, 0xbd, 0x3b, 0x54, 0x11, 0xbd, 
0x8e, 0x05, 0x6d, 0xbd, 0x83, 0xb7, 0x95, 0xbd, 0x2b, 0x27, 0xd5, 0x3b, 0x56, 0x2d, 0x48, 0x3d, 0x28, 0xef, 0x20, 0xbd, 0xc0, 0x87, 0x08, 0x3c, 0xab, 0xa6, 0x86, 0xba, 0xf3, 0x8c, 0x1f, 0x3d, 
0x8e, 0xb7, 0x6c, 0xbd, 0x80, 0xa4, 0x81, 0x3b, 0xa7, 0x4c, 0x9f, 0x3d, 0x28, 0xaf, 0x73, 0x3d, 0x8e, 0x26, 0xa9, 0xbd, 0x60, 0x89, 0x4d, 0xbc, 0xab, 0xa2, 0x4b, 0x3a, 0xf6, 0x69, 0xe1, 0xbc, 
0x50, 0x40, 0x60, 0xbd, 0x3b, 0x82, 0x6d, 0xbd, 0x0b, 0xce, 0x62, 0x3d, 0xcb, 0x02, 0xdd, 0xbc, 0xd6, 0xba, 0xaf, 0xbb, 0xc0, 0x50, 0xc8, 0x3c, 0xce, 0x81, 0x51, 0xbd, 0xab, 0x63, 0xf3, 0x3b, 
0x83, 0x07, 0x4b, 0x3d, 0xd6, 0x92, 0x47, 0xbd, 0xfb, 0x9c, 0xc6, 0x3c, 0xab, 0x89, 0x3a, 0xbb, 0x66, 0xad, 0x3b, 0x3d, 0x2b, 0xcf, 0x62, 0x3d, 0x86, 0x1d, 0xb5, 0x3c, 0xab, 0x04, 0x25, 0x3b, 
0x44, 0xea, 0x92, 0xbd, 0x40, 0xe7, 0x07, 0x3d, 0x6e, 0x19, 0x50, 0x3d, 0x3b, 0xf6, 0xf7, 0xbc, 0x53, 0x76, 0xa9, 0xbd, 0x62, 0x4d, 0x8a, 0x3d, 0xb6, 0x3d, 0xa0, 0xbc, 0x2b, 0x95, 0x88, 0x3c, 
0x40, 0xe7, 0xbf, 0xbc, 0xa0, 0xad, 0x59, 0x3d, 0x9b, 0x72, 0xa6, 0x3d, 0x00, 0xf6, 0x55, 0x3d, 0x20, 0x41, 0xd9, 0xbc, 0xf6, 0x33, 0x6f, 0x3d, 0x23, 0x8c, 0x26, 0x3d, 0x76, 0x34, 0x05, 0x3c, 
0xfe, 0x77, 0x89, 0xbd, 0xf3, 0x90, 0x12, 0xbd, 0xf7, 0xda, 0xa8, 0xbd, 0x93, 0x4b, 0x64, 0x3d, 0xd3, 0xb3, 0xa8, 0x3d, 0xd8, 0xd4, 0x46, 0x3d, 0x10, 0x20, 0xda, 0x3c, 0xa6, 0x57, 0xa1, 0x3c, 
0x83, 0x4a, 0xa4, 0x3d, 0x80, 0x0c, 0x2d, 0xbd, 0x46, 0x30, 0xe5, 0xbc, 0xe8, 0x3c, 0x99, 0xbd, 0x40, 0x33, 0x07, 0xbc, 0xc0, 0x4f, 0xbb, 0x3b, 0x8b, 0xdf, 0xba, 0x3c, 0xd0, 0x75, 0x6d, 0xbd, 
0xd6, 0xfe, 0x1d, 0xbc, 0x27, 0xa1, 0x8c, 0xbd, 0xba, 0xd3, 0x8a, 0xbd, 0x6b, 0xf6, 0x31, 0x3c, 0xbf, 0x98, 0xa6, 0xbd, 0x7b, 0xc7, 0xb5, 0x3c, 0xc8, 0x37, 0x9d, 0xbd, 0x30, 0x82, 0x6d, 0xbd, 
0x90, 0xa6, 0x8d, 0xbc, 0x30, 0xdd, 0xa2, 0xbd, 0xff, 0xd5, 0x89, 0x3d, 0x3a, 0xd6, 0x8b, 0x3d, 0xce, 0x49, 0x32, 0xbd, 0x4b, 0x01, 0x8f, 0x3c, 0x1b, 0x9e, 0x2e, 0x3d, 0xe0, 0xee, 0xd8, 0x3c, 
0xf6, 0xe4, 0x36, 0xbc, 0x87, 0xf9, 0xa0, 0xbd, 0x5e, 0x32, 0x78, 0x3d, 0xf2, 0xb0, 0x95, 0xbd, 0x00, 0xdc, 0x7c, 0xbc, 0x2b, 0x63, 0xa9, 0x3b, 0xb0, 0xd4, 0xe0, 0xbc, 0x46, 0xb0, 0xf9, 0xbc, 
0x8e, 0x80, 0x93, 0xbd, 0x2b, 0x75, 0x96, 0x3b, 0xe0, 0x06, 0x1b, 0xbc, 0xa2, 0xc9, 0x94, 0x3d, 0x90, 0xbf, 0xe0, 0xbc, 0x2c, 0xe9, 0x83, 0x3d, 0x16, 0x45, 0x81, 0x3b, 0xe0, 0x5a, 0x19, 0xbd, 
0xd0, 0x59, 0xa2, 0xbc, 0x8b, 0xf0, 0x1a, 0xbc, 0x56, 0x47, 0x62, 0x3a, 0x36, 0xf1, 0x60, 0xbc, 0xdb, 0x98, 0xca, 0x3c, 0xf8, 0x8b, 0x8c, 0x3d, 0xa0, 0x9b, 0x56, 0x3c, 0x46, 0x45, 0xf7, 0x3c, 
0xc0, 0xc7, 0x52, 0x3d, 0x6b, 0x26, 0x93, 0x3c, 0x3e, 0x58, 0x1d, 0x3d, 0xf0, 0x0b, 0x33, 0x3d, 0x0b, 0xbf, 0x9f, 0x3d, 0x74, 0xc2, 0x9b, 0xbd, 0x46, 0x9a, 0xe9, 0x3c, 0x00, 0x76, 0x77, 0xbb, 
0x60, 0x33, 0x75, 0xbc, 0x2e, 0x99, 0x03, 0xbd, 0xb6, 0x35, 0x4d, 0x3d, 0xac, 0x1f, 0x9c, 0x3d, 0x83, 0x47, 0x8b, 0xbd, 0x63, 0x6a, 0x38, 0x3d, 0xc6, 0x5d, 0x6b, 0x3d, 0xeb, 0x9f, 0x6e, 0x3c, 
0xab, 0xaa, 0x80, 0x3a, 0x1a, 0x55, 0x83, 0x3d, 0xab, 0xeb, 0x21, 0x3b, 0x10, 0x46, 0xaa, 0xbc, 0x16, 0xa5, 0xc9, 0xbb, 0xfb, 0x05, 0xdb, 0x3c, 0xf0, 0xe5, 0xaa, 0x3c, 0x00, 0x54, 0x93, 0xbb, 
0xbb, 0x7e, 0xd7, 0x3c, 0x36, 0xdb, 0xb7, 0x3c, 0x04, 0x40, 0x8a, 0xbd, 0xcb, 0x1a, 0xaa, 0x3c, 0xc3, 0xd7, 0x50, 0x3d, 0x36, 0x94, 0x1c, 0x3c, 0x16, 0x3f, 0xf9, 0xbb, 0x6c, 0xbc, 0x82, 0x3d, 
0xb7, 0x1b, 0x95, 0xbd, 0x08, 0xcc, 0x1b, 0xbd, 0x8e, 0x47, 0x1a, 0xbd, 0x04, 0x77, 0x93, 0x3d, 0x90, 0x12, 0xa5, 0xbd, 0x20, 0x69, 0x07, 0x3c, 0xac, 0x52, 0xa5, 0xbd, 0xd6, 0x96, 0x33, 0xbb, 
0x96, 0x74, 0xfe, 0x3c, 0x0b, 0xa5, 0x9f, 0xbc, 0x13, 0xac, 0xa5, 0x3d, 0x56, 0x15, 0x8b, 0x39, 0xa3, 0x05, 0x2e, 0xbd, 0x50, 0x09, 0xb0, 0x3c, 0xe3, 0x83, 0x31, 0x3d, 0xab, 0x9a, 0x2d, 0xb9, 
0x3a, 0x00, 0x92, 0x3d, 0x0e, 0x09, 0x58, 0xbd, 0xbb, 0xa3, 0x11, 0x3d, 0x3e, 0xd2, 0x41, 0x3d, 0x8b, 0x89, 0x29, 0x3d, 0x56, 0x35, 0x00, 0xb8, 0x7b, 0xe0, 0xc2, 0x3c, 0xd3, 0xe3, 0x85, 0xbd, 
0x80, 0xee, 0x85, 0xbd, 0x96, 0xba, 0xa9, 0xbb, 0x16, 0x1f, 0x2b, 0xbc, 0xe3, 0x72, 0x7d, 0x3d, 0xee, 0xd9, 0x77, 0x3d, 0xb6, 0x70, 0x67, 0x3d, 0x88, 0x57, 0x1c, 0xbd, 0xcb, 0xfa, 0x85, 0xbd, 
0xcc, 0x15, 0xa0, 0xbd, 0x80, 0x10, 0xf7, 0x3c, 0xe3, 0xc8, 0x99, 0xbd, 0x94, 0x5e, 0xaa, 0xbd, 0xcb, 0x80, 0x2c, 0xbd, 0x33, 0x18, 0x90, 0xbd, 0xeb, 0x83, 0x06, 0xbd, 0x9e, 0xe2, 0x56, 0xbd, 
0xa8, 0x1d, 0x2f, 0xbd, 0xc8, 0x41, 0xa2, 0x3d, 0x76, 0xa5, 0x80, 0xbc, 0x18, 0x93, 0x8d, 0x3d, 0xab, 0x58, 0xf2, 0x3a, 0xc0, 0x92, 0x2f, 0xbc, 0x66, 0xdf, 0xc7, 0xbc, 0x8e, 0xfe, 0x73, 0xbd, 
0x2e, 0x1f, 0x89, 0xbd, 0xbe, 0x58, 0x6c, 0x3d, 0xcb, 0x5e, 0xd2, 0xbc, 0x83, 0x65, 0xa6, 0xbd, 0x38, 0xa0, 0x9c, 0x3d, 0x56, 0x9c, 0xca, 0x3a, 0x43, 0x67, 0x64, 0xbd, 0x34, 0x27, 0x86, 0xbd, 
0xc6, 0x52, 0x8f, 0xbd, 0x63, 0xa6, 0x95, 0xbd, 0x9e, 0x70, 0x9a, 0x3d, 0xde, 0x58, 0x6b, 0x3d, 0x6b, 0x57, 0xdf, 0x3b, 0x6f, 0x74, 0x91, 0xbd, 0x7b, 0x8d, 0xb2, 0xbc, 0xc8, 0x52, 0xa0, 0xbd, 
0xbb, 0x42, 0xeb, 0x3c, 0xeb, 0x42, 0xb5, 0xbc, 0x40, 0x16, 0x92, 0xbc, 0x50, 0x00, 0xd5, 0xbc, 0xde, 0x08, 0x20, 0x3d, 0x98, 0xc2, 0x38, 0x3d, 0x70, 0x8b, 0x95, 0x3c, 0x4b, 0xf9, 0x2a, 0xbc, 
0x80, 0xed, 0x06, 0xbc, 0x00, 0xdc, 0xbe, 0xba, 0xbe, 0x2d, 0x7e, 0xbd, 0x0a, 0x88, 0xa6, 0x3d, 0x0b, 0x36, 0x13, 0xbd, 0x0e, 0x97, 0x46, 0x3d, 0xcb, 0x59, 0x3f, 0xbd, 0xab, 0xa6, 0x12, 0x3a, 
0x0b, 0xb2, 0xe9, 0x3c, 0xeb, 0xb3, 0x9c, 0xbd, 0xce, 0x91, 0x1c, 0x3d, 0xcb, 0xa2, 0x82, 0xbd, 0xf6, 0x86, 0x3e, 0x3c, 0x50, 0x5f, 0x87, 0xbc, 0x03, 0xa9, 0x43, 0x3d, 0x02, 0xdf, 0xa5, 0x3d, 
0x86, 0xd9, 0x99, 0x3c, 0x80, 0xf1, 0x1b, 0xbb, 0xa0, 0x1c, 0x29, 0xbd, 0xd6, 0x85, 0xfe, 0x3c, 0x9b, 0x4a, 0x24, 0xbd, 0x58, 0xfe, 0x0c, 0x3d, 0x7b, 0xf1, 0x13, 0xbd, 0xfe, 0x87, 0x67, 0x3d, 
0x50, 0xe8, 0x82, 0x3d, 0xeb, 0x4c, 0x51, 0x3d, 0x56, 0xd3, 0x5a, 0x3a, 0x8b, 0x4a, 0x1e, 0x3d, 0x5c, 0x84, 0x9b, 0xbd, 0xf4, 0x67, 0x8a, 0x3d, 0x7b, 0x5d, 0xb1, 0xbc, 0xe0, 0xde, 0xf8, 0x3c, 
0x20, 0x34, 0x67, 0xbc, 0x06, 0x3b, 0xe5, 0xbc, 0xc0, 0x4a, 0x20, 0xbd, 0xf6, 0x2a, 0x5c, 0x3d, 0xc0, 0xb3, 0x39, 0xbd, 0x36, 0xc5, 0x70, 0xbc, 0x86, 0x2f, 0x2c, 0x3d, 0x8b, 0x9b, 0x09, 0x3c, 
0x4e, 0x99, 0x8f, 0xbd, 0xe6, 0xb4, 0xa9, 0xbd, 0x73, 0xf2, 0x25, 0xbd, 0x9f, 0x68, 0x9d, 0x3d, 0x63, 0xb2, 0x72, 0xbd, 0xf0, 0x1e, 0x3c, 0x3d, 0xee, 0x54, 0x74, 0x3d, 0x56, 0x7b, 0x0d, 0xbd, 
0x30, 0xbc, 0x16, 0xbd, 0x4e, 0x91, 0x75, 0xbd, 0x8b, 0xf7, 0x54, 0x3c, 0x76, 0xde, 0x3e, 0xbc, 0x40, 0xab, 0x84, 0x3b, 0x96, 0x0e, 0x14, 0x3d, 0x2b, 0x4e, 0x0f, 0x3d, 0x1b, 0x61, 0xd7, 0xbc, 
0x96, 0x8b, 0xbb, 0x3b, 0x40, 0x2a, 0xa2, 0x3c, 0xab, 0x80, 0xe8, 0x3a, 0xcb, 0x9b, 0x88, 0x3c, 0x48, 0x45, 0x0a, 0xbd, 0x17, 0xe4, 0x8b, 0x3d, 0xeb, 0x0a, 0x0c, 0xbc, 0x20, 0xb0, 0x2e, 0xbc, 
0xee, 0x2c, 0x99, 0xbd, 0xf3, 0x6b, 0x77, 0xbd, 0x56, 0xe2, 0x29, 0x3b, 0x4b, 0x27, 0x53, 0xbc, 0x93, 0x9d, 0x2b, 0xbd, 0xd0, 0xab, 0x32, 0x3d, 0x00, 0x77, 0xf4, 0xbb, 0xf6, 0x15, 0xf0, 0x3c, 
0x2e, 0xbf, 0x8f, 0x3d, 0x4e, 0xed, 0x1c, 0xbd, 0xab, 0xfe, 0x27, 0xbd, 0x10, 0x2e, 0x89, 0xbc, 0x56, 0x3c, 0xe7, 0xbb, 0xe0, 0xb8, 0x2a, 0xbd, 0xc0, 0xe5, 0xa3, 0xbc, 0xd6, 0x6a, 0x1d, 0xbb, 
0xde, 0x1b, 0x19, 0x3d, 0xfc, 0xe4, 0x9d, 0x3d, 0xa6, 0xc2, 0x7c, 0x3d, 0x00, 0x80, 0x10, 0x3c, 0xeb, 0x13, 0xac, 0xbb, 0xf0, 0xdd, 0xae, 0x3c, 0xd6, 0xf0, 0x5e, 0xbb, 0x96, 0x2e, 0x33, 0xbc, 
0xb6, 0xbf, 0xea, 0x3c, 0xbc, 0xda, 0x8a, 0xbd, 0x26, 0x24, 0x91, 0xbd, 0x56, 0xf9, 0xb0, 0x39, 0x3b, 0xea, 0xce, 0xbc, 0xae, 0xd4, 0x28, 0xbd, 0x83, 0xe1, 0x9e, 0xbd, 0x40, 0xa5, 0x64, 0x3d, 
0xd6, 0x99, 0x59, 0xbb, 0xd3, 0x63, 0x37, 0xbd, 0x46, 0x0a, 0x0b, 0xbd, 0xa6, 0x79, 0xb3, 0x3c, 0xfe, 0x8b, 0x77, 0xbd, 0x40, 0x61, 0xaf, 0x3b, 0x56, 0xb2, 0x86, 0xba, 0x20, 0x8f, 0xe8, 0x3c, 
0xce, 0x67, 0x07, 0x3d, 0x28, 0x05, 0x5f, 0xbd, 0x76, 0x62, 0x13, 0x3d, 0x9c, 0xdf, 0x80, 0x3d, 0x80, 0xcc, 0xaf, 0x3b, 0xce, 0xe4, 0x2d, 0x3d, 0x7b, 0x39, 0x01, 0xbd, 0xfb, 0x98, 0x87, 0x3c, 
0x60, 0x79, 0xc7, 0x3c, 0xe3, 0xa7, 0x1d, 0xbd, 0xc3, 0xbe, 0x52, 0x3d, 0x68, 0x5d, 0xa1, 0xbd, 0x96, 0x37, 0x00, 0xbd, 0x1b, 0xd6, 0x48, 0xbd, 0xce, 0xa0, 0x4a, 0xbd, 0xd8, 0xd4, 0x4e, 0xbd, 
0x50, 0xd1, 0xa0, 0xbd, 0x6b, 0x50, 0x6a, 0x3c, 0xfb, 0x0a, 0x87, 0xbc, 0x03, 0xb4, 0x8f, 0xbd, 0x00, 0xc0, 0x0f, 0xb8, 0x6b, 0x70, 0x63, 0xbc, 0x20, 0xcf, 0x0c, 0x3d, 0x4b, 0xae, 0x85, 0xbd, 
0x2b, 0x0d, 0xc0, 0xbc, 0x2b, 0x84, 0x8c, 0x3c, 0xcb, 0xaf, 0x10, 0x3d, 0x16, 0x93, 0xce, 0x3b, 0x60, 0x00, 0xb9, 0x3c, 0xae, 0x9a, 0xaa, 0x3d, 0xe6, 0x7b, 0xec, 0xbc, 0x4e, 0xa2, 0x68, 0x3d, 
0xa2, 0x02, 0x93, 0x3d, 0x7a, 0xf9, 0x96, 0xbd, 0x16, 0x22, 0xa5, 0x3c, 0x1b, 0x59, 0x41, 0x3d, 0x76, 0xf9, 0x54, 0xbc, 0x9e, 0x61, 0x3c, 0x3d, 0xd6, 0xc2, 0x39, 0x3b, 0xf8, 0xec, 0x81, 0x3d, 
0x56, 0x2e, 0xeb, 0x3a, 0x7e, 0x87, 0x5a, 0xbd, 0x60, 0x9c, 0x81, 0x3d, 0x2b, 0x07, 0xcb, 0x3c, 0xaf, 0x32, 0x91, 0x3d, 0xab, 0x77, 0xa9, 0x3c, 0x1e, 0x40, 0x35, 0x3d, 0x43, 0xd3, 0x54, 0x3d, 
0x6b, 0xe7, 0x65, 0x3c, 0x5b, 0xb2, 0x9e, 0xbc, 0x86, 0xfe, 0x8c, 0x3c, 0xa3, 0xfe, 0x6d, 0xbd, 0xab, 0x93, 0x3a, 0x3b, 0x40, 0x6b, 0xdb, 0xbc, 0x00, 0xa5, 0xac, 0x3b, 0x77, 0x20, 0x87, 0xbd, 
0xfb, 0x8f, 0x50, 0x3d, 0x8f, 0x75, 0x9d, 0xbd, 0x4e, 0x2c, 0x12, 0x3d, 0xe3, 0xc9, 0x60, 0x3d, 0x52, 0x6a, 0x9c, 0xbd, 0xf6, 0x32, 0x9a, 0x3d, 0xe3, 0xbd, 0x7d, 0xbd, 0x86, 0x0d, 0x86, 0xbc, 
0xd3, 0xe0, 0x30, 0x3d, 0xbb, 0x79, 0xd8, 0xbc, 0x78, 0x18, 0x98, 0x3d, 0x83, 0x94, 0x16, 0xbd, 0xf6, 0xcb, 0x36, 0xbc, 0xe3, 0x1f, 0x5f, 0xbd, 0xc3, 0x5a, 0x1e, 0xbd, 0x5c, 0x8b, 0xa6, 0x3d, 
0x28, 0x5a, 0x80, 0x3d, 0x80, 0x0f, 0xc9, 0x3b, 0xab, 0x85, 0xe0, 0x3b, 0xb2, 0xd3, 0x90, 0xbd, 0x2b, 0xd8, 0x80, 0x3d, 0xcb, 0xb3, 0x4c, 0xbc, 0x38, 0x5e, 0x0e, 0xbd, 0x04, 0xd2, 0x87, 0xbd, 
0xa6, 0x51, 0x8c, 0x3d, 0x23, 0xdb, 0x21, 0x3d, 0x4e, 0x98, 0x4d, 0x3d, 0xc0, 0x5f, 0x0d, 0x3c, 0x63, 0x9e, 0x67, 0xbd, 0x68, 0xd2, 0x0b, 0x3d, 0x76, 0x76, 0x1d, 0x3c, 0xf0, 0x15, 0xe5, 0x3c, 
0x60, 0xfd, 0xa9, 0xbc, 0x96, 0x14, 0x21, 0xbd, 0x0f, 0x1b, 0x8c, 0x3d, 0x5b, 0xd7, 0xe4, 0x3c, 0x86, 0x88, 0x0a, 0xbd, 0x80, 0xd8, 0xf3, 0x3b, 0x1b, 0x65, 0x94, 0xbc, 0x80, 0x84, 0xe9, 0xbb, 
0xe6, 0x67, 0x3f, 0x3d, 0x34, 0xd6, 0x87, 0xbd, 0x80, 0x75, 0x9a, 0x3d, 0x86, 0xbc, 0x65, 0x3d, 0xab, 0x2a, 0x96, 0x38, 0xf0, 0x9d, 0x0b, 0xbd, 0xa0, 0x30, 0x8b, 0x3c, 0x70, 0xee, 0x61, 0xbd, 
0x9e, 0xb6, 0x5d, 0x3d, 0x8e, 0x84, 0x34, 0xbd, 0xbb, 0x70, 0x82, 0x3c, 0x3b, 0xe8, 0xa7, 0xbd, 0xb6, 0x74, 0x23, 0x3d, 0xa8, 0x10, 0x67, 0x3d, 0x5b, 0x19, 0x80, 0x3d, 0x16, 0xe4, 0xde, 0x3b, 
0x36, 0x89, 0x49, 0x3d, 0x46, 0xc3, 0xe8, 0x3c, 0x53, 0xe7, 0x64, 0x3d, 0xf8, 0x9d, 0x40, 0x3d, 0x32, 0x52, 0x95, 0xbd, 0x4b, 0xef, 0x0f, 0x3c, 0x9b, 0xbb, 0xe8, 0xbc, 0x40, 0xfc, 0x22, 0xbd, 
0x9b, 0xeb, 0x6e, 0x3d, 0x96, 0x69, 0x43, 0xbc, 0x60, 0x18, 0x54, 0x3c, 0xdb, 0xe9, 0x56, 0x3d, 0x53, 0xc2, 0x65, 0x3d, 0xfb, 0x28, 0x36, 0x3d, 0x4b, 0x5f, 0x6e, 0xbc, 0xa2, 0x21, 0x98, 0xbd, 
0x60, 0xd6, 0xa3, 0xbd, 0x10, 0x95, 0xd6, 0x3c, 0x00, 0x9f, 0x81, 0xba, 0x93, 0xa8, 0x57, 0xbd, 0x4b, 0x12, 0x15, 0x3d, 0x94, 0xe9, 0x9a, 0x3d, 0x2b, 0x6b, 0x45, 0x3d, 0x0b, 0x9b, 0x40, 0xbc, 
0xa0, 0x7d, 0x38, 0x3c, 0x73, 0xb9, 0x59, 0xbd, 0x5e, 0x1b, 0x21, 0x3d, 0x07, 0x42, 0x84, 0xbd, 0x68, 0xa7, 0x6b, 0x3d, 0x5b, 0xe7, 0x1b, 0xbd, 0x96, 0x60, 0x07, 0xbd, 0xcf, 0xf3, 0x8e, 0xbd, 
0x3b, 0x15, 0xa5, 0xbc, 0x4b, 0x11, 0x04, 0xbc, 0xc3, 0x54, 0x1d, 0xbd, 0x4b, 0xfa, 0x72, 0x3d, 0x7b, 0xe4, 0x43, 0x3d, 0xce, 0x9f, 0x96, 0xbd, 0x4b, 0x93, 0x08, 0xbc, 0x80, 0x85, 0xe5, 0x3c, 
0xa3, 0xa8, 0xa4, 0x3d, 0xfb, 0x3b, 0xa3, 0xbc, 0x06, 0x8e, 0x51, 0x3d, 0xd6, 0xfa, 0x98, 0xbb, 0x80, 0xea, 0x02, 0xbd, 0xf8, 0xe1, 0x50, 0x3d, 0x53, 0x14, 0x98, 0xbd, 0x0f, 0xfc, 0x8e, 0x3d, 
0x7f, 0x77, 0xaa, 0x3d, 0x76, 0x62, 0xba, 0xbc, 0x8b, 0xd5, 0x06, 0x3d, 0x86, 0x30, 0xaa, 0x3d, 0x4b, 0xd0, 0xcd, 0x3c, 0xeb, 0x7b, 0x05, 0x3d, 0xc0, 0xab, 0xfa, 0x3c, 0xee, 0xa5, 0x0b, 0xbd, 
0x46, 0xa3, 0xa6, 0x3c, 0xf3, 0xeb, 0x35, 0xbd, 0x13, 0xbc, 0x91, 0x3d, 0x26, 0x44, 0x12, 0xbd, 0xa0, 0x0f, 0x9c, 0x3c, 0x06, 0xc1, 0xc5, 0xbc, 0x33, 0xb3, 0x2a, 0x3d, 0xab, 0x0a, 0xb4, 0x3a, 
0xe8, 0xae, 0x3b, 0x3d, 0xd0, 0xda, 0xb8, 0xbc, 0x63, 0x4c, 0x48, 0xbd, 0x66, 0xdd, 0x02, 0x3d, 0x93, 0x18, 0x40, 0xbd, 0x60, 0x1f, 0x8c, 0xbd, 0xae, 0xe0, 0x03, 0x3d, 0xe3, 0x49, 0x4d, 0xbd, 
0x6e, 0x4c, 0x00, 0xbd, 0x6b, 0x75, 0xaa, 0xbc, 0xd6, 0xe5, 0xc1, 0x3b, 0x2b, 0x6f, 0xec, 0xbc, 0x6b, 0xb1, 0xf5, 0xbc, 0x96, 0x94, 0xab, 0xbc, 0x20, 0x34, 0x6f, 0x3d, 0xbb, 0x68, 0xcc, 0x3c, 
0xb0, 0x54, 0x24, 0xbd, 0x9e, 0xf0, 0x6b, 0xbd, 0xab, 0x14, 0xfd, 0x3a, 0xe0, 0xb3, 0xda, 0x3c, 0x56, 0x91, 0xe4, 0xba, 0x30, 0xd0, 0x47, 0x3d, 0xab, 0x8c, 0x8f, 0x3d, 0x5b, 0x15, 0xc8, 0x3c, 
0x6b, 0x24, 0xe1, 0x3c, 0x78, 0x07, 0x46, 0x3d, 0x20, 0xde, 0xe9, 0xbc, 0x56, 0x2f, 0x72, 0x3c, 0x3a, 0xfb, 0x89, 0x3d, 0xc8, 0x73, 0x23, 0xbd, 0x80, 0x86, 0xd4, 0x3b, 0x88, 0x72, 0x05, 0xbd, 
0xcb, 0x3a, 0x83, 0xbd, 0x5e, 0xcb, 0x34, 0x3d, 0x37, 0x5f, 0x88, 0x3d, 0x7e, 0x66, 0x38, 0xbd, 0xc6, 0xda, 0xff, 0x3c, 0xe0, 0x55, 0xd1, 0x3c, 0x53, 0x47, 0x05, 0x3d, 0x48, 0xe4, 0x3b, 0x3d, 
0x3a, 0x55, 0x9f, 0x3d, 0x3c, 0x89, 0x81, 0x3d, 0xca, 0x55, 0x95, 0xbd, 0xde, 0xcf, 0x05, 0xbd, 0x78, 0x48, 0x35, 0x3d, 0x80, 0xdb, 0x42, 0xbd, 0xd6, 0x0b, 0x86, 0x3c, 0xbb, 0x54, 0x12, 0xbd, 
0xb0, 0x95, 0x87, 0x3c, 0xe6, 0x8c, 0x26, 0x3d, 0xfb, 0x91, 0xd6, 0x3c, 0xee, 0xf4, 0x77, 0x3d, 0x2b, 0x4c, 0x24, 0xbc, 0xce, 0x4c, 0x39, 0x3d, 0xd0, 0xb2, 0xdc, 0x3c, 0xcb, 0x24, 0xd7, 0xbc, 
0x7e, 0x12, 0x71, 0xbd, 0xb0, 0x23, 0x9c, 0x3d, 0xc6, 0x89, 0xcb, 0xbc, 0xea, 0x8c, 0x80, 0x3d, 0xa6, 0x27, 0x57, 0x3d, 0x2b, 0xeb, 0x5b, 0xbb, 0xdb, 0xf8, 0x8c, 0xbd, 0xc0, 0xd4, 0xdb, 0x3b, 
0xeb, 0x01, 0x25, 0xbd, 0xe0, 0xa3, 0xb1, 0x3c, 0x0e, 0xad, 0x07, 0xbd, 0xb3, 0x8a, 0x83, 0x3d, 0x4c, 0xfb, 0x99, 0xbd, 0xe6, 0xc6, 0xb7, 0xbc, 0xa0, 0x4f, 0x57, 0x3c, 0xab, 0x3f, 0x02, 0x3c, 
0x78, 0x35, 0x8c, 0x3d, 0xc6, 0xb2, 0xd7, 0xbc, 0x47, 0x3c, 0x88, 0xbd, 0xb8, 0xfd, 0x61, 0x3d, 0xf0, 0xc1, 0xbe, 0x3c, 0xd8, 0xd9, 0x60, 0x3d, 0x20, 0x05, 0x4a, 0xbd, 0x08, 0x7b, 0x48, 0xbd, 
0x6e, 0xe1, 0x09, 0xbd, 0xab, 0x24, 0xc2, 0x3b, 0xf0, 0x53, 0xe7, 0x3c, 0x18, 0x26, 0x44, 0xbd, 0x2b, 0x8c, 0x00, 0xbc, 0xb6, 0xf9, 0x6b, 0xbc, 0xf7, 0xb8, 0x9b, 0x3d, 0x7b, 0x32, 0xf6, 0xbc, 
0x56, 0x63, 0xa5, 0x3d, 0x9b, 0x59, 0x51, 0xbd, 0x78, 0xa6, 0x0c, 0xbd, 0xa2, 0x5d, 0x80, 0xbd, 0xdb, 0x75, 0x7b, 0x3d, 0x46, 0xba, 0x6a, 0xbd, 0x08, 0x4a, 0x0d, 0x3d, 0xc0, 0xda, 0xfa, 0xbc, 
0x28, 0x12, 0xaa, 0x3d, 0xe0, 0x96, 0x40, 0x3c, 0xb6, 0x35, 0x94, 0xbd, 0x96, 0xfa, 0x6a, 0x3c, 0x0b, 0xff, 0x25, 0x3c, 0xfa, 0x11, 0xa5, 0xbd, 0x3b, 0x01, 0x89, 0x3c, 0x16, 0xd5, 0xa2, 0x3d, 
0x8b, 0x74, 0xc4, 0x3c, 0x56, 0x59, 0xe8, 0xb9, 0xb0, 0x84, 0x8d, 0xbc, 0x76, 0x69, 0xb5, 0x3c, 0xbe, 0x11, 0x18, 0xbd, 0x0f, 0x11, 0xa8, 0x3d, 0xc2, 0x88, 0x93, 0x3d, 0xa8, 0x75, 0x1f, 0x3d, 
0x5b, 0x47, 0xfe, 0xbc, 0x90, 0x3f, 0xa0, 0xbd, 0x10, 0x7f, 0x44, 0xbd, 0x34, 0xf0, 0xa5, 0x3d, 0xba, 0xa6, 0x9c, 0xbd, 0x68, 0xf4, 0xa2, 0xbd, 0x2b, 0xcf, 0xc4, 0xbb, 0xcb, 0x30, 0xd9, 0x3c, 
0xfb, 0xdc, 0xa9, 0xbd, 0x5c, 0x73, 0x9e, 0xbd, 0x56, 0x89, 0xed, 0x39, 0x5b, 0xfd, 0xe4, 0xbc, 0xd3, 0xcc, 0x6d, 0x3d, 0x46, 0x00, 0xc4, 0x3c, 0x7c, 0x24, 0x94, 0xbd, 0xce, 0xd2, 0x99, 0xbd, 
0x48, 0x69, 0x6a, 0x3d, 0x36, 0x1a, 0x72, 0xbc, 0x98, 0x51, 0x15, 0xbd, 0xe6, 0x06, 0xd7, 0x3c, 0x00, 0x2b, 0x86, 0xbc, 0xe6, 0x3d, 0x23, 0x3d, 0x16, 0x1e, 0xad, 0x3c, 0xd0, 0xc9, 0x13, 0xbd, 
0x9c, 0xc9, 0x88, 0xbd, 0x33, 0xc7, 0x38, 0x3d, 0xa6, 0x13, 0x4d, 0xbd, 0xeb, 0x02, 0x17, 0xbc, 0x00, 0xae, 0x3a, 0x3c, 0x0b, 0xa5, 0x46, 0xbd, 0xc3, 0xee, 0x39, 0x3d, 0xf3, 0x16, 0x70, 0xbd, 
0xd6, 0xaa, 0xa7, 0x3c, 0x0b, 0x06, 0x12, 0x3c, 0x56, 0x7a, 0xfa, 0x3c, 0xc6, 0x7e, 0xa7, 0xbd, 0x00, 0xbd, 0x9d, 0x3b, 0xee, 0x66, 0x26, 0x3d, 0x06, 0x87, 0x5a, 0xbd, 0x3b, 0xed, 0xa8, 0x3c, 
0x56, 0x31, 0xab, 0x39, 0xfa, 0xc8, 0x90, 0x3d, 0x70, 0x8d, 0x90, 0xbc, 0xab, 0x3e, 0x15, 0x3a, 0x68, 0x75, 0x14, 0xbd, 0xc6, 0x3e, 0xa8, 0xbc, 0x8b, 0x6e, 0xc3, 0x3c, 0x3e, 0x99, 0xa4, 0xbd, 
0x10, 0x78, 0x81, 0x3d, 0x03, 0x74, 0x75, 0x3d, 0x9e, 0x8d, 0x10, 0x3d, 0x70, 0x85, 0x7f, 0x3d, 0x46, 0x81, 0xd4, 0xbc, 0x9b, 0x7e, 0x9b, 0x3c, 0x00, 0xec, 0x8a, 0x3b, 0xb8, 0x07, 0x6c, 0xbd, 
0x60, 0x39, 0x03, 0xbd, 0x8b, 0x5a, 0xf2, 0xbc, 0xab, 0xca, 0xa8, 0xbc, 0xa2, 0x8a, 0x97, 0xbd, 0x68, 0x0e, 0x70, 0xbd, 0xe0, 0xa7, 0x01, 0xbc, 0xe0, 0xb2, 0x4f, 0xbc, 0x0b, 0xec, 0x9a, 0xbd, 
0x16, 0xdd, 0x91, 0x3c, 0xa8, 0xda, 0x39, 0x3d, 0x30, 0x22, 0x8e, 0x3d, 0x3b, 0xa2, 0x8f, 0x3d, 0x1e, 0x83, 0x6e, 0xbd, 0x50, 0xc8, 0xda, 0xbc, 0x70, 0xed, 0x21, 0xbd, 0xa0, 0x6a, 0x7a, 0x3c, 
0xd6, 0xee, 0xb6, 0x3c, 0x50, 0xe2, 0x97, 0x3c, 0x10, 0x77, 0x47, 0x3d, 0x70, 0x14, 0x34, 0x3d, 0xa8, 0x35, 0x37, 0xbd, 0xb6, 0x51, 0x6a, 0x3d, 0xb6, 0x40, 0x66, 0x3d, 0x76, 0xae, 0x34, 0x3c, 
0xef, 0x7b, 0x94, 0xbd, 0x33, 0x59, 0x51, 0xbd, 0x30, 0x3e, 0xbe, 0x3c, 0xd6, 0x06, 0xec, 0x3c, 0x5e, 0x23, 0x9f, 0x3d, 0xfb, 0xb8, 0x2d, 0x3d, 0x96, 0x6d, 0xf7, 0x3c, 0x00, 0x45, 0x3a, 0xbb, 
0xb3, 0xbe, 0x68, 0x3d, 0x2b, 0x7b, 0xf8, 0xbc, 0xd6, 0xfa, 0x0a, 0x3d, 0x9e, 0x92, 0x22, 0xbd, 0x56, 0xe5, 0x4b, 0xba, 0xe8, 0xb9, 0x49, 0x3d, 0xf8, 0x9e, 0x1c, 0x3d, 0x90, 0x31, 0x99, 0xbc, 
0x00, 0x4e, 0x8a, 0xba, 0x48, 0x7c, 0x3d, 0xbd, 0xe8, 0x1a, 0x1e, 0x3d, 0x48, 0xad, 0x65, 0x3d, 0x36, 0xfd, 0xea, 0x3c, 0xd0, 0x25, 0xa5, 0xbd, 0x38, 0x58, 0x74, 0xbd, 0xf3, 0x81, 0x64, 0x3d, 
0x96, 0x7e, 0x43, 0xbc, 0x66, 0x9f, 0x51, 0x3d, 0x66, 0x99, 0x7b, 0x3d, 0xd6, 0xf8, 0xc7, 0xbc, 0x8b, 0x44, 0x48, 0xbd, 0xea, 0x8f, 0xa0, 0xbd, 0xfe, 0x90, 0x02, 0x3d, 0x80, 0x10, 0x2f, 0x3d, 
0xcb, 0xb3, 0x6c, 0xbc, 0x00, 0xb0, 0xa5, 0xbd, 0x3b, 0xdb, 0x5b, 0xbd, 0x40, 0x21, 0x93, 0xbb, 0x20, 0xc9, 0x1b, 0x3d, 0xeb, 0xbf, 0xe4, 0xbc, 0xae, 0x59, 0x5c, 0xbd, 0xb6, 0xa0, 0x6d, 0xbd, 
0x54, 0xb3, 0x98, 0x3d, 0x8b, 0x35, 0xf7, 0x3c, 0x2f, 0x91, 0x8a, 0xbd, 0x53, 0xcc, 0x52, 0xbd, 0xca, 0xe0, 0x90, 0xbd, 0x00, 0x8a, 0x45, 0x3c, 0x88, 0x9a, 0x0a, 0xbd, 0xab, 0xe6, 0x93, 0xb9, 
0x4b, 0xfe, 0x57, 0xbc, 0x46, 0x64, 0x95, 0xbd, 0x1b, 0x83, 0x98, 0xbd, 0xbc, 0x5f, 0x84, 0xbd, 0x38, 0xf4, 0x0e, 0xbd, 0x56, 0x5b, 0x54, 0x3c, 0x6b, 0x85, 0x20, 0xbd, 0x00, 0xab, 0x42, 0xbb, 
0x40, 0x8b, 0x23, 0xbc, 0xdc, 0x14, 0x9c, 0x3d, 0x86, 0x9a, 0x1b, 0xbd, 0xdb, 0x58, 0xa0, 0x3d, 0xbe, 0x04, 0x83, 0xbd, 0xa6, 0x64, 0x8e, 0xbd, 0xb6, 0xff, 0xdd, 0x3c, 0x83, 0xa7, 0x46, 0xbd, 
0x00, 0x14, 0x2f, 0x3d, 0x7e, 0xd7, 0x3c, 0xbd, 0xdc, 0x64, 0x86, 0x3d, 0x53, 0x41, 0xa5, 0x3d, 0xeb, 0xd0, 0xae, 0x3b, 0x40, 0xe6, 0x91, 0x3c, 0xb2, 0x1d, 0x9f, 0x3d, 0x16, 0x59, 0x4a, 0x3d, 
0x6e, 0xfd, 0x94, 0xbd, 0xab, 0xd2, 0x2e, 0xbb, 0x96, 0x0e, 0x9a, 0xbd, 0xb8, 0x5e, 0x82, 0x3d, 0x20, 0x15, 0x7a, 0xbc, 0x00, 0x46, 0x18, 0xba, 0x2e, 0xb6, 0x51, 0xbd, 0xf8, 0x99, 0x39, 0xbd, 
0x96, 0x31, 0x31, 0x3c, 0xeb, 0xcf, 0x8c, 0x3d, 0x7b, 0x92, 0x2b, 0xbd, 0xeb, 0x03, 0x01, 0x3c, 0x16, 0x7d, 0x9a, 0x3d, 0x2a, 0xf4, 0x98, 0x3d, 0x20, 0x77, 0x85, 0xbc, 0x94, 0xf5, 0x9f, 0x3d, 
0x1b, 0x9b, 0xf8, 0x3c, 0xd7, 0x6f, 0x9b, 0x3d, 0x2b, 0x09, 0x22, 0x3b, 0x9e, 0xa3, 0x90, 0xbd, 0x16, 0xd3, 0xb9, 0xbc, 0xa6, 0xc0, 0xcc, 0x3c, 0x33, 0x06, 0x36, 0x3d, 0xfe, 0x04, 0xaa, 0xbd, 
0xc4, 0xc0, 0x84, 0x3d, 0xd7, 0x19, 0x99, 0xbd, 0x86, 0xfe, 0x47, 0x3d, 0x1a, 0x64, 0xa8, 0x3d, 0x7b, 0x3b, 0xa8, 0x3c, 0x30, 0xd7, 0x80, 0xbc, 0xa3, 0xf0, 0x3b, 0x3d, 0xfb, 0x9d, 0xca, 0xbc, 
0x36, 0xd6, 0x7c, 0xbd, 0x76, 0x3d, 0x72, 0xbd, 0x20, 0x7d, 0x20, 0x3d, 0x9e, 0x57, 0x82, 0x3d, 0x00, 0x25, 0x5d, 0x3b, 0x08, 0x7a, 0xa5, 0xbd, 0xcc, 0xb2, 0xa7, 0xbd, 0xb6, 0x26, 0x9a, 0xbc, 
0x20, 0x42, 0x38, 0x3d, 0x80, 0x76, 0x63, 0xbd, 0xab, 0x01, 0xb8, 0x3c, 0x06, 0x90, 0x3a, 0xbd, 0x5e, 0xdb, 0x8a, 0x3d, 0x40, 0xe1, 0xb2, 0xbc, 0x66, 0x44, 0x8e, 0xbc, 0x3b, 0xb0, 0x95, 0xbd, 
0x5e, 0xdd, 0x98, 0xbd, 0x2b, 0x8d, 0xb8, 0x3b, 0x2b, 0xc3, 0x5c, 0x3c, 0x48, 0x69, 0x38, 0x3d, 0x64, 0x3c, 0x95, 0xbd, 0x0b, 0x3c, 0x6f, 0x3c, 0x40, 0x3c, 0x45, 0xbc, 0x86, 0x39, 0x48, 0x3d, 
0xf0, 0x33, 0x1b, 0xbd, 0x80, 0x62, 0xcb, 0x3c, 0x06, 0x8c, 0x09, 0x3d, 0xf0, 0x76, 0x2b, 0x3d, 0xb6, 0x25, 0xea, 0xbc, 0x86, 0xb0, 0xdb, 0x3c, 0x66, 0xca, 0x85, 0xbc, 0xfb, 0xd3, 0xb7, 0x3c, 
0x0e, 0xe3, 0x51, 0xbd, 0x03, 0x9d, 0x87, 0xbd, 0x5f, 0x9a, 0x8b, 0xbd, 0x48, 0x92, 0x56, 0xbd, 0x33, 0x76, 0x10, 0xbd, 0x8b, 0x3b, 0x4b, 0x3c, 0x1b, 0x53, 0x95, 0xbc, 0x16, 0x50, 0x42, 0xbd, 
0x56, 0x83, 0x37, 0x3a, 0x7b, 0x95, 0xd7, 0xbc, 0x83, 0x68, 0x52, 0x3d, 0xdf, 0x8f, 0x8c, 0xbd, 0x6b, 0xfa, 0xfb, 0xbc, 0x20, 0x5a, 0x5b, 0xbd, 0x40, 0x78, 0x28, 0x3c, 0x40, 0xf9, 0x94, 0x3b, 
0x96, 0x15, 0x9d, 0xbb, 0xb7, 0x55, 0xa9, 0x3d, 0x90, 0x36, 0x02, 0xbd, 0x00, 0x3d, 0x44, 0xbc, 0x36, 0x5f, 0xb0, 0x3c, 0xc0, 0x70, 0x8e, 0x3d, 0x7f, 0x5c, 0x81, 0x3d, 0x40, 0xf9, 0x1b, 0x3c, 
0xb0, 0x22, 0x01, 0xbd, 0xc6, 0x44, 0xe0, 0x3c, 0x10, 0xc3, 0x56, 0x3d, 0xab, 0x1a, 0xe9, 0xba, 0x4b, 0x67, 0x3b, 0x3d, 0x5e, 0xad, 0x8b, 0x3d, 0x2b, 0xe0, 0x36, 0xbd, 0xe0, 0xeb, 0x96, 0xbc, 
0x62, 0xa7, 0x99, 0xbd, 0x5b, 0xb5, 0x9c, 0x3c, 0xd3, 0x43, 0x73, 0x3d, 0x5b, 0x91, 0x84, 0xbc, 0x60, 0xdd, 0x59, 0x3c, 0x9b, 0x22, 0xda, 0x3c, 0x00, 0xf9, 0xe8, 0xba, 0xe8, 0xae, 0x84, 0x3d, 
0x56, 0xf5, 0x46, 0x3c, 0x8e, 0xc1, 0xa7, 0xbd, 0x26, 0xef, 0x8c, 0xbd, 0x33, 0x17, 0xa9, 0xbd, 0xab, 0x18, 0x61, 0x3b, 0x8b, 0x83, 0x38, 0x3d, 0x0b, 0x21, 0x34, 0xbc, 0xd8, 0x72, 0x99, 0x3d, 
0xa0, 0xa0, 0x75, 0xbc, 0x4b, 0x92, 0x8b, 0x3c, 0xa7, 0xe5, 0x99, 0x3d, 0xfb, 0xbe, 0x2c, 0x3d, 0x80, 0x3b, 0x2e, 0xbb, 0xdb, 0x63, 0xa4, 0x3d, 0x3e, 0xef, 0x4b, 0xbd, 0xd6, 0x46, 0xfe, 0x3c, 
0x8b, 0x90, 0x57, 0x3d, 0xcb, 0x59, 0x53, 0xbd, 0x8c, 0x50, 0xa0, 0xbd, 0xf6, 0x5b, 0xda, 0x3c, 0x80, 0x7f, 0x01, 0xbd, 0x43, 0x40, 0x2c, 0xbd, 0x3b, 0xc9, 0x87, 0x3c, 0xe3, 0x9c, 0x77, 0xbd, 
0x8e, 0x7f, 0x99, 0x3d, 0xeb, 0x1e, 0xf5, 0xbb, 0x2b, 0xa0, 0xda, 0xbc, 0x94, 0xac, 0x8e, 0x3d, 0x30, 0x15, 0xbe, 0x3c, 0x30, 0x10, 0x82, 0x3c, 0xb8, 0x33, 0x23, 0xbd, 0x78, 0xa8, 0xa2, 0x3d, 
0x3b, 0xeb, 0xcf, 0xbc, 0xd8, 0xf2, 0x8d, 0x3d, 0x2b, 0xba, 0xc8, 0xbb, 0xc3, 0x39, 0x2b, 0x3d, 0xce, 0xff, 0x6f, 0x3d, 0x9e, 0x1f, 0x7e, 0xbd, 0xf0, 0x7f, 0x63, 0xbd, 0xb3, 0xc3, 0xa8, 0xbd, 
0xe3, 0x30, 0x76, 0x3d, 0x5a, 0xc5, 0x92, 0x3d, 0x70, 0x7e, 0xf9, 0xbc, 0x90, 0x2d, 0x27, 0xbd, 0x20, 0x8b, 0x64, 0x3c, 0x4e, 0xc4, 0x37, 0x3d, 0xa0, 0x81, 0xa8, 0x3c, 0x46, 0x46, 0x8e, 0xbc, 
0x10, 0x1d, 0x59, 0xbd, 0x3a, 0xf7, 0x91, 0x3d, 0x58, 0x0d, 0x5d, 0xbd, 0x40, 0xea, 0xa4, 0xbd, 0xf8, 0x48, 0x08, 0xbd, 0x16, 0x21, 0x88, 0x3c, 0xb0, 0xbd, 0xfd, 0x3c, 0x80, 0xfb, 0x03, 0x3d, 
0xe6, 0xbb, 0x45, 0xbd, 0x13, 0x00, 0x03, 0xbd, 0xb6, 0xc8, 0x17, 0xbd, 0x3e, 0x4b, 0x25, 0xbd, 0x7c, 0xbf, 0x8f, 0xbd, 0xdb, 0xbd, 0x8b, 0x3c, 0x06, 0x88, 0xc6, 0xbc, 0x88, 0x44, 0xa4, 0xbd, 
0x78, 0x4f, 0x47, 0xbd, 0x83, 0xfc, 0x4c, 0xbd, 0x0e, 0x3d, 0x13, 0xbd, 0x4b, 0xe9, 0x52, 0xbd, 0x6b, 0xc6, 0x6c, 0xbc, 0x70, 0xa4, 0xf4, 0x3c, 0x77, 0x1f, 0x8a, 0xbd, 0xeb, 0xeb, 0xe9, 0xbb, 
0xe6, 0x76, 0xc4, 0xbc, 0x6e, 0x82, 0x2e, 0xbd, 0xc0, 0x95, 0x97, 0xbc, 0xf0, 0xaa, 0x10, 0xbd, 0xd6, 0x91, 0x2f, 0x3b, 0x38, 0x64, 0x76, 0xbd, 0xcb, 0x75, 0x81, 0x3c, 0xd0, 0xb1, 0x9c, 0x3d, 
0x93, 0x6a, 0x8d, 0x3d, 0x38, 0x0a, 0x19, 0xbd, 0xcb, 0x6a, 0xd2, 0x3c, 0x9a, 0x50, 0xa1, 0xbd, 0x12, 0xb1, 0x8f, 0x3d, 0x94, 0x14, 0xaa, 0xbd, 0x20, 0x83, 0x98, 0xbd, 0x04, 0x32, 0x99, 0xbd, 
0x83, 0x7d, 0x9e, 0xbd, 0x2b, 0xe8, 0x38, 0x3c, 0xf6, 0x84, 0xb4, 0xbc, 0x00, 0x65, 0xa3, 0x3c, 0x2b, 0xf5, 0xa8, 0xbb, 0xab, 0xa1, 0xea, 0xba, 0x80, 0xa2, 0xf6, 0xbc, 0xe3, 0x82, 0x4a, 0xbd, 
0x42, 0xe4, 0x8e, 0xbd, 0x33, 0x3b, 0x2c, 0x3d, 0xc3, 0xfd, 0x2f, 0xbd, 0x06, 0xd7, 0x8a, 0xbc, 0xa8, 0xc8, 0x25, 0x3d, 0x0b, 0x12, 0xa9, 0xbc, 0xbb, 0x1f, 0xac, 0xbc, 0x60, 0x8c, 0x63, 0xbd, 
0xc3, 0x05, 0x92, 0xbd, 0x26, 0xd4, 0x23, 0x3d, 0xa0, 0x05, 0x9a, 0xbc, 0xd0, 0xa1, 0x56, 0x3d, 0x16, 0xb9, 0xb3, 0x3b, 0xab, 0xfa, 0xdd, 0xb8, 0xfb, 0x13, 0x9a, 0xbd, 0xab, 0x26, 0xf1, 0x3a, 
0xcb, 0x47, 0x9a, 0xbc, 0xcb, 0xc6, 0x42, 0xbd, 0xb0, 0xfe, 0x9d, 0xbc, 0x80, 0xc1, 0x8e, 0x3b, 0x26, 0x98, 0x80, 0xbd, 0x56, 0x08, 0x63, 0x3c, 0x3e, 0x81, 0x6d, 0x3d, 0xe0, 0xdb, 0x86, 0x3c, 
0x0c, 0xe9, 0xa2, 0x3d, 0xd0, 0x47, 0x1f, 0x3d, 0x9a, 0x98, 0x86, 0xbd, 0x8b, 0x5a, 0x06, 0xbd, 0x66, 0x47, 0xa4, 0xbc, 0xf6, 0x36, 0xcc, 0x3c, 0x00, 0xc4, 0x1b, 0xbb, 0xbc, 0x55, 0x89, 0x3d, 
0x0b, 0x9b, 0x1e, 0x3c, 0x86, 0x2b, 0x58, 0xbd, 0xc0, 0x46, 0xfa, 0xbc, 0xf0, 0xfc, 0x8d, 0xbd, 0x3b, 0x3b, 0xbc, 0xbc, 0xa3, 0xd1, 0x27, 0x3d, 0x56, 0xf3, 0x52, 0x3a, 0x9c, 0xbf, 0xa2, 0xbd, 
0x70, 0xad, 0x93, 0xbd, 0x86, 0x7f, 0xf7, 0x3c, 0x6a, 0xcb, 0x95, 0xbd, 0x8b, 0x20, 0x88, 0xbd, 0x0e, 0x82, 0x4b, 0xbd, 0x60, 0xaa, 0xa2, 0x3d, 0x06, 0x1d, 0xc2, 0xbc, 0x70, 0xbb, 0x0c, 0xbd, 
0x00, 0x79, 0x66, 0xbd, 0x76, 0x5a, 0x5a, 0x3d, 0x6b, 0x75, 0x5c, 0xbc, 0x56, 0xa4, 0x83, 0x3c, 0x0b, 0x15, 0xa3, 0x3c, 0xbb, 0x87, 0xc0, 0x3c, 0xcb, 0x7b, 0x5a, 0x3d, 0x2b, 0xb4, 0x8d, 0x3b, 
0x0b, 0x3a, 0x0d, 0x3c, 0x6b, 0x54, 0xb1, 0xbb, 0x97, 0x9e, 0x84, 0xbd, 0x26, 0x3a, 0x9c, 0xbc, 0xc7, 0x6e, 0xa2, 0x3d, 0x1b, 0xe9, 0x71, 0xbd, 0x28, 0x6b, 0x57, 0xbd, 0xdb, 0x5a, 0xa9, 0xbd, 
0xd6, 0x94, 0xa5, 0x3b, 0xdc, 0xa0, 0x9f, 0xbd, 0x36, 0xd4, 0x2e, 0xbd, 0x60, 0x42, 0x9d, 0x3d, 0x48, 0x5e, 0x0d, 0x3d, 0x4b, 0xda, 0x35, 0x3d, 0xa0, 0xc9, 0x69, 0x3c, 0x72, 0x07, 0x91, 0xbd, 
0x43, 0xd4, 0x1e, 0xbd, 0x27, 0x2a, 0x8a, 0xbd, 0x06, 0x11, 0x53, 0xbd, 0x6b, 0x7a, 0xe8, 0x3c, 0x26, 0x57, 0xbd, 0xbc, 0x48, 0xc9, 0xa6, 0x3d, 0x3e, 0xd1, 0x78, 0xbd, 0x0e, 0xa6, 0x91, 0xbd, 
0x46, 0x84, 0xa8, 0x3d, 0x72, 0x6e, 0x93, 0xbd, 0xc2, 0x39, 0x91, 0x3d, 0xb6, 0xd3, 0xb7, 0x3c, 0xeb, 0x8d, 0x9b, 0xbd, 0xab, 0xa5, 0x94, 0x3d, 0x20, 0xda, 0xb9, 0xbc, 0x98, 0xbe, 0x0c, 0xbd, 
0x0e, 0x23, 0x85, 0xbd, 0x93, 0x5b, 0x90, 0xbd, 0x8b, 0xfe, 0x97, 0x3c, 0x9c, 0xa3, 0xa7, 0xbd, 0x43, 0x43, 0x0c, 0x3d, 0x76, 0xb1, 0xa8, 0xbc, 0x40, 0x94, 0xef, 0x3c, 0x10, 0x25, 0xa7, 0xbc, 
0x2b, 0x14, 0xec, 0x3c, 0xab, 0x2e, 0x15, 0xbb, 0xb6, 0xa5, 0xc8, 0x3c, 0x7e, 0xde, 0x0a, 0xbd, 0xe6, 0xc8, 0x6a, 0xbd, 0xd6, 0xe1, 0x2d, 0x3c, 0xa6, 0xdd, 0x59, 0xbd, 0x8e, 0x98, 0x53, 0xbd, 
0x8c, 0x1b, 0xa4, 0xbd, 0x36, 0x99, 0xd9, 0xbc, 0x30, 0x13, 0x64, 0xbd, 0x3e, 0xe8, 0x84, 0x3d, 0x3b, 0xfb, 0x75, 0x3d, 0x0b, 0xf9, 0xa1, 0x3c, 0xe4, 0xaa, 0x8a, 0x3d, 0x58, 0x5b, 0x24, 0x3d, 
0x98, 0xc5, 0xa0, 0xbd, 0xcb, 0x9b, 0x08, 0xbc, 0xc0, 0x9f, 0x5d, 0xbc, 0xbe, 0x3e, 0x4f, 0xbd, 0x50, 0x6e, 0xc2, 0x3c, 0xc0, 0x11, 0xd5, 0xbc, 0xe8, 0x37, 0x23, 0xbd, 0xab, 0xa8, 0x7e, 0xba, 
0x3e, 0xf1, 0x62, 0xbd, 0xa4, 0x40, 0x8d, 0x3d, 0x36, 0xfd, 0x57, 0x3d, 0x4f, 0x8d, 0xa1, 0x3d, 0xeb, 0xd3, 0x71, 0xbc, 0xa0, 0xf4, 0xde, 0x3c, 0x80, 0xaa, 0x5b, 0xbb, 0x23, 0x39, 0x8d, 0xbd, 
0xd0, 0x6c, 0x1a, 0x3d, 0x2b, 0x6b, 0x6e, 0xbd, 0x0b, 0x6e, 0xf6, 0xbc, 0x7b, 0xdb, 0x18, 0xbd, 0x44, 0x7f, 0xa6, 0xbd, 0xab, 0xe3, 0x43, 0x3b, 0x96, 0xac, 0x5f, 0x3c, 0x6b, 0x02, 0xcb, 0xbb, 
0xe8, 0x08, 0x7b, 0x3d, 0xc0, 0xed, 0x82, 0x3b, 0x76, 0xb1, 0x78, 0xbc, 0x88, 0x2d, 0x3a, 0xbd, 0x3b, 0xb8, 0x4a, 0xbd, 0x40, 0x1c, 0x42, 0xbc, 0x7b, 0x54, 0x48, 0xbd, 0x1b, 0x2b, 0x61, 0xbd, 
0x16, 0x95, 0x34, 0xbc, 0x40, 0x12, 0x71, 0xbc, 0x8e, 0x5b, 0x50, 0xbd, 0x03, 0x70, 0x47, 0x3d, 0x0c, 0xbd, 0x90, 0x3d, 0x10, 0xbb, 0x68, 0xbd, 0xd6, 0x81, 0x15, 0x3d, 0xd8, 0x61, 0x1e, 0xbd, 
0xa0, 0xc4, 0x0d, 0xbc, 0x6f, 0x51, 0x9f, 0x3d, 0x40, 0xb5, 0x2e, 0x3c, 0xe7, 0xb9, 0xa2, 0xbd, 0x57, 0xe4, 0x9c, 0x3d, 0xd6, 0x10, 0x67, 0xbb, 0xce, 0xea, 0x2a, 0xbd, 0xf6, 0x42, 0x34, 0xbd, 
0x2f, 0x5a, 0x92, 0x3d, 0x56, 0x58, 0xb8, 0x3a, 0xc3, 0x87, 0x3c, 0x3d, 0x78, 0x55, 0x60, 0x3d, 0x73, 0x7b, 0x04, 0xbd, 0xd6, 0xc5, 0xe7, 0x3b, 0x16, 0xcb, 0x5c, 0xbd, 0x0e, 0x84, 0x8e, 0x3d, 
0xbe, 0x7e, 0x34, 0xbd, 0x73, 0xb8, 0x62, 0x3d, 0x70, 0xf7, 0xac, 0x3c, 0xb8, 0x8e, 0x52, 0x3d, 0x40, 0x7e, 0x70, 0xbd, 0x56, 0xd7, 0x29, 0xbb, 0x7e, 0xdd, 0x30, 0x3d, 0xab, 0xfd, 0x59, 0xbb, 
0x00, 0xb9, 0x9c, 0xba, 0x56, 0x55, 0x26, 0x3d, 0xf8, 0x1c, 0x7f, 0xbd, 0xfb, 0xdd, 0x88, 0xbc, 0x7b, 0x79, 0x1b, 0x3d, 0x10, 0x68, 0x27, 0x3d, 0x20, 0x83, 0x9e, 0x3d, 0xe0, 0x0a, 0x87, 0xbc, 
0x10, 0xc0, 0xa1, 0x3c, 0xf6, 0xf1, 0x27, 0xbd, 0x76, 0x26, 0x65, 0xbc, 0xeb, 0x5a, 0x2b, 0xbd, 0xa8, 0xf3, 0x7c, 0x3d, 0x00, 0x12, 0x05, 0x3a, 0xdb, 0xdb, 0x0a, 0x3d, 0xc3, 0xbf, 0x3b, 0x3d, 
0x76, 0x6d, 0x7e, 0x3c, 0x16, 0x4c, 0x11, 0x3c, 0x96, 0xdc, 0xc7, 0xbb, 0x44, 0x91, 0x90, 0xbd, 0xa0, 0xfa, 0x5b, 0x3c, 0xa6, 0x3d, 0x97, 0xbc, 0x3f, 0x73, 0x8f, 0xbd, 0xe3, 0x01, 0x9f, 0x3d, 
0x56, 0x8e, 0x11, 0xbc, 0xde, 0x5a, 0x2a, 0xbd, 0x9e, 0x25, 0xa6, 0xbd, 0x23, 0x31, 0x9d, 0xbd, 0x1b, 0xfb, 0x01, 0x3d, 0xf8, 0xd1, 0x1b, 0xbd, 0x63, 0x72, 0x13, 0xbd, 0xb6, 0x80, 0x45, 0xbd, 
0x6a, 0xc3, 0x89, 0x3d, 0xf6, 0x1a, 0xa4, 0xbc, 0x06, 0x3f, 0x5d, 0x3d, 0x30, 0x7d, 0x87, 0x3d, 0x73, 0x51, 0x84, 0xbd, 0x68, 0xa6, 0x7e, 0x3d, 0x4b, 0x5c, 0x82, 0xbc, 0x90, 0x75, 0xa3, 0x3d, 
0xe0, 0x58, 0x2e, 0x3d, 0x66, 0x52, 0xa5, 0xbd, 0x60, 0xa6, 0x7d, 0x3c, 0x90, 0xf9, 0xef, 0x3c, 0x16, 0xa7, 0xf7, 0xbc, 0x17, 0x6b, 0x81, 0x3d, 0x57, 0x55, 0x8d, 0xbd, 0x3b, 0x9d, 0xd8, 0xbc, 
0xc4, 0x9d, 0xa2, 0x3d, 0x5f, 0xae, 0xa6, 0x3d, 0xa8, 0x82, 0x2a, 0x3d, 0xf6, 0xc1, 0x4b, 0xbd, 0x82, 0xd7, 0x92, 0xbd, 0x84, 0xc3, 0x8a, 0xbd, 0x76, 0xa8, 0xaa, 0xbc, 0x30, 0x5d, 0x41, 0x3d, 
0xe6, 0x21, 0xd8, 0x3c, 0xab, 0xce, 0x25, 0xbc, 0x3a, 0x7d, 0x99, 0x3d, 0xe2, 0x04, 0x86, 0x3d, 0x7b, 0x88, 0x1f, 0xbd, 0x08, 0xd1, 0x13, 0xbd, 0x56, 0x26, 0x80, 0xba, 0x60, 0xaa, 0x8d, 0x3c, 
0xab, 0x62, 0x1c, 0xba, 0xc3, 0xc6, 0x03, 0x3d, 0x90, 0x80, 0x6b, 0x3d, 0xab, 0x2f, 0x76, 0xbc, 0x43, 0xa0, 0x27, 0x3d, 0x60, 0xb1, 0x39, 0x3c, 0x83, 0x05, 0x03, 0x3d, 0x2e, 0x85, 0x0c, 0x3d, 
0x06, 0x77, 0xb6, 0xbc, 0xd6, 0x2f, 0x18, 0xbd, 0xd8, 0xe5, 0x11, 0x3d, 0x06, 0x8a, 0x5a, 0xbd, 0x68, 0x33, 0x33, 0x3d, 0xb0, 0x01, 0x5b, 0xbd, 0xa6, 0x2a, 0x6a, 0x3d, 0xd6, 0xf4, 0x08, 0x3d, 
0x36, 0x3e, 0xa7, 0xbc, 0x9e, 0x1a, 0x43, 0x3d, 0xe6, 0xd1, 0xe0, 0xbc, 0x30, 0x70, 0x91, 0x3c, 0x4b, 0xfe, 0xc8, 0x3c, 0x80, 0x70, 0x0b, 0x3c, 0x2b, 0x17, 0x89, 0x3c, 0x56, 0xd6, 0xd8, 0xba, 
0x3b, 0x38, 0xc5, 0xbc, 0xe6, 0x6e, 0x3e, 0x3d, 0xeb, 0xa1, 0x06, 0x3d, 0xa0, 0xa1, 0xfe, 0x3c, 0x78, 0x70, 0x66, 0x3d, 0xa8, 0x97, 0x32, 0xbd, 0x0b, 0x9c, 0x9e, 0xbc, 0x00, 0xaa, 0x1b, 0xbb, 
0xb2, 0xb9, 0x89, 0x3d, 0x5a, 0xe7, 0x87, 0xbd, 0xe0, 0xc9, 0x43, 0xbd, 0x7b, 0x9c, 0xa2, 0xbc, 0x9b, 0xc8, 0x91, 0xbd, 0xab, 0xd6, 0x86, 0xbd, 0x0e, 0xd2, 0x69, 0x3d, 0xab, 0xc3, 0x7e, 0x3b, 
0x1f, 0x4c, 0x89, 0xbd, 0x4b, 0x71, 0x61, 0xbc, 0x2b, 0x8d, 0x33, 0xbb, 0xf0, 0xb2, 0xf2, 0xbc, 0xff, 0xc0, 0x8e, 0xbd, 0x1b, 0xc4, 0x39, 0x3d, 0x6b, 0xa2, 0x28, 0xbc, 0xa3, 0xa0, 0xa6, 0x3d, 
0x40, 0xb5, 0x82, 0xbd, 0x43, 0x63, 0x3b, 0xbd, 0xc0, 0xdd, 0x8d, 0xbb, 0x46, 0xb2, 0x6d, 0xbd, 0x1e, 0xc1, 0x78, 0x3d, 0x1b, 0xfb, 0x83, 0x3d, 0xe2, 0x9c, 0x9a, 0x3d, 0x7b, 0x78, 0x57, 0xbd, 
0xde, 0xdb, 0x72, 0x3d, 0xc6, 0xff, 0x6c, 0x3d, 0x9b, 0xd0, 0x07, 0xbd, 0x96, 0xd1, 0x15, 0x3c, 0x06, 0xa7, 0x22, 0x3d, 0x2e, 0x41, 0x74, 0x3d, 0xf3, 0x66, 0x9f, 0xbd, 0x54, 0xe9, 0xa9, 0x3d, 
0x30, 0xa3, 0xab, 0xbc, 0x16, 0x13, 0x0b, 0x3d, 0x96, 0xff, 0x53, 0xbd, 0xdc, 0x55, 0x83, 0xbd, 0xb0, 0x29, 0x67, 0xbd, 0x9e, 0x2a, 0x49, 0x3d, 0x4b, 0x5e, 0x28, 0xbd, 0xb0, 0x6b, 0x46, 0x3d, 
0x3b, 0x61, 0xce, 0x3c, 0x43, 0xc6, 0x07, 0x3d, 0x70, 0xd7, 0x97, 0xbc, 0x80, 0xf1, 0xd7, 0xbc, 0x03, 0xb4, 0x1f, 0xbd, 0x66, 0xcb, 0x3e, 0xbd, 0x2a, 0x5c, 0x9d, 0x3d, 0xab, 0x66, 0x94, 0xbb, 
0x38, 0x60, 0x12, 0xbd, 0x03, 0xca, 0x9e, 0xbd, 0xd6, 0x95, 0x6d, 0x3b, 0x00, 0x69, 0xa9, 0xbd, 0x56, 0x9e, 0x80, 0xba, 0x3e, 0x85, 0x57, 0x3d, 0xee, 0x98, 0x44, 0xbd, 0xcb, 0x8a, 0x3b, 0x3d, 
0x96, 0xc3, 0xd9, 0xbc, 0xf2, 0x42, 0x83, 0xbd, 0xf0, 0x08, 0xa9, 0xbd, 0x40, 0x91, 0x29, 0x3d, 0x68, 0x93, 0x82, 0xbd, 0x48, 0xaa, 0x26, 0x3d, 0xa0, 0x7c, 0x43, 0x3c, 0x43, 0x83, 0x39, 0x3d, 
0xe4, 0x49, 0x80, 0xbd, 0x3b, 0x3f, 0x95, 0x3d, 0x46, 0xfd, 0xa9, 0xbd, 0xc2, 0x8a, 0x81, 0xbd, 0x83, 0xb1, 0x4c, 0x3d, 0xd6, 0x9b, 0x39, 0x3b, 0xae, 0xab, 0x3f, 0xbd, 0x06, 0x33, 0x8f, 0xbc, 
0xda, 0xe1, 0x97, 0xbd, 0x62, 0x88, 0x94, 0xbd, 0xa6, 0x76, 0x92, 0xbc, 0x87, 0x31, 0x82, 0x3d, 0x00, 0xe0, 0xcb, 0x3c, 0x26, 0xbb, 0x80, 0x3c, 0x10, 0xed, 0xb4, 0xbc, 0x0b, 0x56, 0x9b, 0x3d, 
0x00, 0x38, 0x51, 0x3a, 0x1b, 0x81, 0xe6, 0x3c, 0x56, 0x9b, 0xad, 0x3a, 0x00, 0x0e, 0x55, 0x3c, 0x9b, 0xa5, 0xe3, 0x3c, 0x60, 0xf7, 0x82, 0x3d, 0x66, 0x79, 0x44, 0x3d, 0xcb, 0xbb, 0x2e, 0x3c, 
0x0e, 0x77, 0x08, 0x3d, 0x9b, 0x4c, 0xcd, 0xbc, 0x6b, 0x50, 0x69, 0x3d, 0x36, 0xa3, 0xbf, 0x3c, 0x7e, 0xcc, 0x80, 0x3d, 0xd6, 0x2c, 0x55, 0xbc, 0x5f, 0x58, 0x8b, 0xbd, 0x9b, 0xdb, 0x86, 0x3c, 
0x80, 0xd3, 0x0a, 0x3d, 0xf8, 0xe6, 0x89, 0x3d, 0x3e, 0x4c, 0x04, 0x3d, 0xa0, 0x3a, 0xfc, 0x3c, 0x43, 0xd1, 0x87, 0x3d, 0x20, 0x9b, 0xea, 0xbc, 0xb6, 0xaf, 0x96, 0x3d, 0xe8, 0xff, 0x2e, 0x3d, 
0x3b, 0xf5, 0x63, 0x3d, 0x80, 0x6f, 0x73, 0x3d, 0xba, 0x6e, 0x8b, 0xbd, 0x4e, 0xc9, 0x31, 0x3d, 0xc3, 0xf2, 0x9e, 0x3d, 0x3b, 0xcb, 0x6f, 0xbd, 0x6b, 0x09, 0xea, 0xbb, 0x46, 0x50, 0x50, 0xbd, 
0x10, 0xd8, 0xa4, 0xbc, 0x00, 0x79, 0x4b, 0x3c, 0x0b, 0x95, 0x36, 0x3d, 0x5b, 0x30, 0xc6, 0xbc, 0xab, 0x9b, 0xa1, 0xbd, 0xb3, 0x4e, 0x38, 0x3d, 0x9b, 0x7f, 0x3f, 0x3d, 0x80, 0x84, 0x77, 0xbc, 
0x94, 0x1a, 0x92, 0x3d, 0xea, 0x90, 0x83, 0x3d, 0xb6, 0x76, 0x96, 0xbc, 0x80, 0xe5, 0x52, 0x3b, 0x00, 0x81, 0x70, 0x3c, 0x4b, 0xc6, 0x85, 0xbc, 0x2b, 0x2f, 0xa8, 0xbc, 0xe8, 0x13, 0x1a, 0xbd, 
0x96, 0x1c, 0x42, 0xbd, 0x68, 0x77, 0x2a, 0x3d, 0x16, 0xb6, 0xca, 0xbc, 0x2e, 0xc0, 0x23, 0xbd, 0xe2, 0x56, 0x96, 0x3d, 0x76, 0x4b, 0x5a, 0x3c, 0x90, 0x47, 0x76, 0x3d, 0x04, 0x87, 0x9b, 0x3d, 
0xb6, 0x55, 0x40, 0xbc, 0x96, 0xa8, 0x4b, 0x3c, 0x54, 0x3b, 0x9e, 0x3d, 0x6e, 0xd9, 0x6a, 0xbd, 0xa0, 0xae, 0xcc, 0xbc, 0xf6, 0x48, 0x42, 0x3c, 0xc0, 0x41, 0xb9, 0xbb, 0x80, 0xc0, 0xb5, 0x3c, 
0x8b, 0x7b, 0x33, 0x3d, 0x4e, 0x6e, 0x0c, 0xbd, 0x80, 0x9f, 0xd4, 0x3b, 0x93, 0x67, 0x9a, 0x3d, 0x00, 0x25, 0x41, 0xbd, 0xa6, 0x77, 0x67, 0xbd, 0x73, 0xe2, 0x82, 0xbd, 0xf6, 0x08, 0x4c, 0x3d, 
0x7a, 0x8a, 0x9c, 0xbd, 0xa0, 0xfd, 0x25, 0xbd, 0xdb, 0x88, 0x66, 0x3d, 0x6e, 0x9f, 0x4c, 0xbd, 0xe3, 0xc9, 0x8a, 0x3d, 0xa3, 0x8f, 0x1f, 0xbd, 0xf6, 0xfe, 0x57, 0x3c, 0x76, 0xb9, 0x32, 0x3c, 
0x2b, 0xf5, 0x05, 0xbb, 0xf8, 0x98, 0x54, 0x3d, 0x70, 0xf3, 0x90, 0x3d, 0x9e, 0x1d, 0x55, 0xbd, 0x5e, 0x6e, 0x3f, 0x3d, 0x4b, 0x66, 0xb6, 0x3c, 0x00, 0x8a, 0xcb, 0xba, 0xb8, 0xa9, 0x6e, 0xbd, 
0x4b, 0x81, 0xca, 0x3c, 0xa6, 0xc0, 0x77, 0x3d, 0x6a, 0x7d, 0x92, 0xbd, 0xb2, 0x9e, 0x9d, 0xbd, 0x98, 0xc7, 0xa7, 0xbd, 0xe0, 0xbc, 0x9d, 0x3c, 0x60, 0x27, 0xc4, 0xbc, 0x1b, 0x0e, 0xd4, 0xbc, 
0xef, 0xea, 0x9e, 0x3d, 0xeb, 0x1f, 0xae, 0xbc, 0x4b, 0xc3, 0x58, 0xbd, 0x80, 0xa0, 0xf5, 0x3b, 0x3e, 0x58, 0x3b, 0xbd, 0x7b, 0x04, 0xc8, 0xbc, 0x5e, 0x4d, 0x34, 0x3d, 0x26, 0x8e, 0x9d, 0x3c, 
0xe0, 0x3a, 0x6a, 0xbd, 0x30, 0x7b, 0xa2, 0x3d, 0xf3, 0xee, 0x66, 0x3d, 0x88, 0xae, 0x68, 0xbd, 0xcb, 0xad, 0x14, 0x3d, 0xab, 0x42, 0x0c, 0x3d, 0x90, 0xec, 0x74, 0xbd, 0x08, 0xe3, 0x6f, 0xbd, 
0xee, 0x50, 0x8d, 0xbd, 0x00, 0x0c, 0x18, 0x3d, 0x00, 0xe0, 0x6d, 0x3c, 0x00, 0x41, 0x10, 0x3d, 0x20, 0xec, 0x15, 0xbd, 0x0f, 0x54, 0x80, 0x3d, 0x8b, 0x56, 0x2e, 0x3c, 0xfa, 0x2d, 0x88, 0xbd, 
0xe6, 0xd3, 0xab, 0xbc, 0xee, 0x31, 0x2e, 0x3d, 0x4b, 0x1b, 0x96, 0x3c, 0x40, 0xdf, 0x50, 0xbc, 0x90, 0x79, 0x6e, 0xbd, 0x2b, 0x55, 0x54, 0xbd, 0x9f, 0x34, 0x93, 0x3d, 0x28, 0x87, 0x43, 0xbd, 
0x1e, 0xe2, 0x71, 0x3d, 0xd0, 0x7f, 0xe4, 0xbc, 0x56, 0x5b, 0x5a, 0x3a, 0x88, 0x31, 0xa6, 0xbd, 0x16, 0xe9, 0xdd, 0xbc, 0x56, 0xde, 0x8f, 0x3d, 0x77, 0x39, 0x99, 0xbd, 0xf6, 0xbe, 0x2b, 0x3d, 
0x63, 0xa1, 0x8f, 0xbd, 0x36, 0x23, 0x47, 0x3c, 0x8c, 0xbb, 0x9a, 0xbd, 0x08, 0x1b, 0x87, 0xbd, 0x5f, 0xc7, 0x89, 0xbd, 0x00, 0xb7, 0xec, 0xbc, 0x76, 0xe6, 0x39, 0x3c, 0x8e, 0x41, 0x7a, 0xbd, 
0x30, 0x03, 0xad, 0x3c, 0xe0, 0x94, 0x4d, 0x3d, 0x94, 0x20, 0x8b, 0x3d, 0xbb, 0x1d, 0x97, 0x3d, 0xeb, 0xba, 0x60, 0x3d, 0x3b, 0x05, 0xc9, 0xbc, 0xd6, 0xa7, 0xfb, 0xbb, 0x66, 0x00, 0x97, 0x3d, 
0x9e, 0xcc, 0x29, 0x3d, 0xc6, 0x09, 0xb5, 0xbc, 0x6a, 0xda, 0x80, 0x3d, 0x5c, 0x26, 0x95, 0xbd, 0x72, 0x11, 0x92, 0x3d, 0x60, 0xfa, 0x3e, 0x3d, 0xd3, 0x5a, 0x7a, 0xbd, 0xae, 0x32, 0x8b, 0xbd, 
0x3b, 0x77, 0x85, 0x3d, 0x66, 0x5d, 0xa8, 0x3d, 0x56, 0x49, 0xee, 0x3b, 0xfb, 0x5e, 0x05, 0xbd, 0x0e, 0x5c, 0x42, 0x3d, 0x8b, 0xfd, 0x19, 0x3d, 0x80, 0x65, 0x2a, 0xbc, 0x7f, 0xa3, 0x88, 0x3d, 
0x5b, 0x3e, 0x5d, 0x3d, 0x7b, 0x30, 0xaa, 0x3c, 0xde, 0x3a, 0x31, 0x3d, 0xe4, 0xdc, 0x9f, 0xbd, 0x2e, 0xe2, 0x1f, 0xbd, 0x6b, 0xaa, 0x15, 0x3c, 0x76, 0xa5, 0xb9, 0x3c, 0xd6, 0xa7, 0x3a, 0xbc, 
0x18, 0xe2, 0x00, 0x3d, 0xd6, 0xf5, 0xcf, 0x3c, 0x17, 0xbb, 0x9d, 0xbd, 0x56, 0x53, 0xd7, 0x3c, 0x80, 0x04, 0xde, 0xbb, 0x10, 0xe3, 0x6a, 0xbd, 0x2b, 0x4f, 0x38, 0x3b, 0x00, 0xe5, 0xa7, 0xbc, 
0xfb, 0x42, 0x35, 0xbd, 0x8e, 0x84, 0x9b, 0xbd, 0xfc, 0xc5, 0x8e, 0x3d, 0x60, 0x4a, 0x4f, 0xbd, 0x2b, 0x61, 0x37, 0x3c, 0x97, 0xb8, 0x88, 0x3d, 0x16, 0x02, 0x2c, 0xbc, 0xf3, 0xb6, 0x5f, 0xbd, 
0xdf, 0x1c, 0xa5, 0xbd, 0xe0, 0xda, 0x62, 0x3c, 0xa6, 0x44, 0x2b, 0xbd, 0xeb, 0x22, 0xc7, 0x3b, 0xe6, 0x0e, 0xda, 0x3c, 0x46, 0x6c, 0xc1, 0xbc, 0xce, 0x70, 0x67, 0x3d, 0xe0, 0xab, 0x31, 0xbc, 
0xc0, 0x38, 0x08, 0xbd, 0x58, 0xb0, 0x61, 0xbd, 0x4b, 0x1f, 0xcf, 0x3c, 0xf3, 0x07, 0x53, 0xbd, 0x9b, 0x80, 0x8f, 0x3c, 0x8b, 0x51, 0x2c, 0xbc, 0x43, 0x95, 0x6a, 0x3d, 0x1e, 0x56, 0x27, 0xbd, 
0xfe, 0x25, 0x28, 0xbd, 0xcb, 0x72, 0x30, 0xbc, 0xeb, 0x7a, 0x50, 0xbd, 0x9b, 0x21, 0x02, 0x3d, 0x6b, 0x0f, 0xfa, 0xbc, 0x68, 0x0a, 0x0c, 0x3d, 0xbe, 0x19, 0x46, 0x3d, 0x03, 0x51, 0x47, 0x3d, 
0x4b, 0xa6, 0x7a, 0xbc, 0x28, 0x47, 0x3a, 0x3d, 0xde, 0xbe, 0x34, 0xbd, 0x2b, 0x0b, 0xaa, 0xbd, 0x4b, 0xf0, 0x01, 0xbc, 0x4b, 0x7d, 0x77, 0xbd, 0x63, 0x38, 0x84, 0xbd, 0x00, 0x88, 0xad, 0x3c, 
0xba, 0xd6, 0x91, 0x3d, 0x78, 0x53, 0x06, 0xbd, 0xc0, 0x77, 0x9a, 0xbb, 0x4b, 0x4b, 0x77, 0xbd, 0x16, 0xa1, 0x6e, 0x3c, 0x50, 0xa0, 0xc2, 0x3c, 0xf6, 0x95, 0x51, 0xbc, 0x26, 0xd9, 0x81, 0x3d, 
0x73, 0x5b, 0x89, 0xbd, 0x56, 0x2f, 0x37, 0xbc, 0xcb, 0x76, 0x3d, 0xbd, 0x08, 0xdb, 0x95, 0x3d, 0xa0, 0x8e, 0x90, 0x3d, 0x7f, 0xe0, 0xa7, 0x3d, 0x58, 0x05, 0x9d, 0x3d, 0xf6, 0x2f, 0x07, 0x3d, 
0x94, 0xae, 0x82, 0xbd, 0x26, 0x88, 0x67, 0xbd, 0xb0, 0xa6, 0xa3, 0x3c, 0x2b, 0x5f, 0x98, 0xbd, 0xae, 0x17, 0x58, 0x3d, 0x66, 0x64, 0x14, 0x3d, 0x6b, 0xe1, 0xa2, 0x3c, 0x2e, 0xf6, 0x94, 0xbd, 
0x60, 0x4d, 0x78, 0x3d, 0x36, 0x80, 0x10, 0xbc, 0x83, 0x3c, 0x0f, 0xbd, 0xa8, 0x36, 0x32, 0x3d, 0xc0, 0xc1, 0xe6, 0x3b, 0xbe, 0xd6, 0x17, 0xbd, 0xbb, 0xc7, 0x9f, 0x3c, 0xf0, 0x9e, 0x63, 0xbd, 
0xb8, 0x9e, 0x9e, 0x3d, 0xc0, 0x96, 0x95, 0x3d, 0xb0, 0x6a, 0x1d, 0x3d, 0x26, 0x93, 0x34, 0x3d, 0x04, 0xa7, 0xa9, 0xbd, 0x30, 0xbe, 0x3d, 0xbd, 0x18, 0x3a, 0xa4, 0xbd, 0xab, 0xe7, 0x31, 0xbd, 
0xcc, 0x7e, 0x8d, 0xbd, 0xe8, 0x3e, 0x7b, 0x3d, 0x4e, 0x27, 0x38, 0x3d, 0x03, 0x04, 0x49, 0x3d, 0xa0, 0x87, 0x17, 0xbd, 0x77, 0x14, 0x82, 0x3d, 0x56, 0x4a, 0x45, 0xbc, 0x06, 0xdf, 0xb0, 0xbc, 
0xf3, 0xc8, 0x37, 0x3d, 0xab, 0x0a, 0x62, 0x3d, 0xa3, 0x53, 0x75, 0xbd, 0xce, 0x7a, 0xa2, 0x3d, 0x6b, 0xcd, 0x09, 0xbc, 0x50, 0xd2, 0xb5, 0x3c, 0x66, 0xf0, 0xa9, 0xbd, 0x16, 0xff, 0x17, 0x3c, 
0x70, 0xee, 0x28, 0xbd, 0x03, 0xb9, 0x55, 0xbd, 0xfe, 0x83, 0x0e, 0xbd, 0x00, 0x84, 0xcb, 0xb9, 0x9b, 0x7a, 0xc2, 0xbc, 0xf8, 0xa7, 0x5a, 0xbd, 0xb0, 0x63, 0x74, 0x3d, 0xc0, 0x17, 0xcb, 0x3c, 
0x7b, 0xd4, 0x9e, 0xbd, 0x8b, 0x33, 0x8f, 0x3c, 0x4b, 0xb2, 0xa7, 0x3c, 0x00, 0xae, 0x48, 0x3b, 0xdb, 0xc4, 0xa5, 0x3c, 0x96, 0x9f, 0xe4, 0xbb, 0x96, 0x47, 0x15, 0x3d, 0xae, 0x4a, 0x70, 0xbd, 
0xce, 0x89, 0x11, 0xbd, 0xe6, 0xb1, 0x7f, 0x3d, 0x48, 0x78, 0x53, 0xbd, 0x08, 0x78, 0x27, 0x3d, 0xc4, 0xe9, 0x9d, 0x3d, 0x37, 0x0f, 0x9c, 0xbd, 0x2b, 0x8a, 0x15, 0xbd, 0x7e, 0xa4, 0x91, 0x3d, 
0x80, 0x1d, 0xa5, 0xbb, 0x86, 0xc4, 0x86, 0x3c, 0x4b, 0x50, 0x42, 0x3c, 0xc6, 0xa9, 0x0c, 0x3d, 0xe0, 0xa3, 0x0c, 0xbd, 0x2b, 0x40, 0x31, 0x3c, 0x80, 0x82, 0x68, 0x3d, 0xc0, 0x5d, 0xe6, 0xbb, 
0x46, 0x94, 0x9c, 0xbd, 0xa6, 0xf7, 0xeb, 0x3c, 0x76, 0x46, 0xae, 0xbc, 0x6b, 0x05, 0x90, 0xbc, 0x73, 0x04, 0x32, 0x3d, 0x8b, 0x47, 0x6f, 0x3c, 0x86, 0x7d, 0x4e, 0xbd, 0xe6, 0x83, 0x1d, 0xbd, 
0x36, 0x8b, 0x4f, 0xbc, 0xc6, 0xa9, 0xa8, 0xbc, 0x36, 0x85, 0x90, 0xbc, 0xee, 0x4d, 0x69, 0xbd, 0x56, 0x45, 0x77, 0x3d, 0xde, 0x05, 0x31, 0x3d, 0xb6, 0xb8, 0x86, 0x3c, 0x00, 0x92, 0x9a, 0x3c, 
0x4b, 0xd6, 0x1f, 0x3c, 0x00, 0x3a, 0x7f, 0x3d, 0x7b, 0x79, 0x9a, 0x3c, 0xeb, 0xfb, 0x4f, 0x3c, 0x7b, 0xa2, 0x3b, 0xbd, 0x56, 0xbb, 0xe3, 0x3c, 0xa8, 0xaa, 0x9f, 0xbd, 0x20, 0x4e, 0xd7, 0x3c, 
0x9b, 0xee, 0x93, 0xbd, 0xab, 0x44, 0x0d, 0xbd, 0xfb, 0x33, 0x34, 0x3d, 0x60, 0x4d, 0x4b, 0xbd, 0xb6, 0xe5, 0x87, 0x3d, 0xf8, 0x97, 0x3c, 0xbd, 0x67, 0xa7, 0xa1, 0x3d, 0xf6, 0x67, 0xd2, 0x3c, 
0x10, 0xeb, 0x13, 0xbd, 0x08, 0x2c, 0x50, 0x3d, 0x23, 0x24, 0x97, 0xbd, 0x46, 0x3b, 0x58, 0xbd, 0x46, 0xd9, 0x55, 0xbd, 0x80, 0xbb, 0x33, 0x3c, 0x6b, 0x22, 0x06, 0x3c, 0xa8, 0xca, 0x92, 0xbd, 
0xc7, 0xaf, 0xa4, 0x3d, 0x56, 0x05, 0xa7, 0xb8, 0x58, 0x45, 0x36, 0xbd, 0x56, 0x73, 0x02, 0x3b, 0xbb, 0x84, 0x12, 0xbd, 0xa0, 0x57, 0xbc, 0x3c, 0xb6, 0x21, 0xf7, 0x3c, 0x60, 0xa5, 0xc1, 0xbc, 
0x56, 0x31, 0x9f, 0x3b, 0x98, 0x18, 0x4b, 0x3d, 0x8e, 0x03, 0x5e, 0xbd, 0xfb, 0x39, 0x98, 0xbc, 0x96, 0x6b, 0x49, 0xbc, 0x9e, 0xd4, 0x61, 0xbd, 0xc0, 0x67, 0xde, 0x3b, 0xd6, 0xb7, 0x48, 0x3b, 
0x34, 0xda, 0x89, 0xbd, 0x46, 0x0a, 0x8c, 0x3c, 0x47, 0xe5, 0xa2, 0x3d, 0x96, 0x8d, 0x35, 0x3d, 0xf6, 0x26, 0x39, 0xbd, 0xfb, 0x38, 0x9c, 0x3d, 0x68, 0xa1, 0x6a, 0xbd, 0xab, 0x8c, 0x2d, 0xbd, 
0x4e, 0x8f, 0x16, 0x3d, 0xbc, 0xc5, 0x87, 0x3d, 0x66, 0xdd, 0xa2, 0x3d, 0x5e, 0xee, 0x92, 0x3d, 0x28, 0xf4, 0x3b, 0xbd, 0x5b, 0x36, 0x9c, 0x3c, 0xf8, 0x53, 0x56, 0xbd, 0x56, 0x35, 0xf1, 0x3a, 
0xef, 0x65, 0x8d, 0x3d, 0xd8, 0x11, 0x28, 0x3d, 0xd2, 0x96, 0x9d, 0xbd, 0x88, 0xe6, 0x12, 0xbd, 0x9c, 0xff, 0x8f, 0xbd, 0xd8, 0xca, 0x20, 0x3d, 0x80, 0x52, 0x2d, 0xbc, 0xc3, 0x85, 0x79, 0xbd, 
0x5b, 0x24, 0xda, 0xbc, 0xe0, 0x06, 0xe0, 0x3c, 0xd6, 0xcd, 0xfc, 0x3b, 0x46, 0x23, 0xa0, 0x3d, 0xab, 0x03, 0x91, 0xba, 0xcb, 0xbc, 0xd6, 0x3c, 0x56, 0xcc, 0xce, 0xbc, 0x2b, 0xec, 0x22, 0x3c, 
0xd6, 0xa4, 0x43, 0x3b, 0x77, 0x99, 0x92, 0x3d, 0xb3, 0x05, 0x0f, 0x3d, 0xee, 0x85, 0x42, 0xbd, 0xab, 0xa5, 0x97, 0xbd, 0x00, 0x61, 0xa2, 0xbd, 0x80, 0xea, 0xf7, 0xbc, 0x76, 0x7d, 0x30, 0x3c, 
0xb3, 0x8e, 0xa0, 0x3d, 0x76, 0x26, 0x06, 0xbc, 0x4b, 0x75, 0x05, 0x3d, 0x68, 0x79, 0x2d, 0x3d, 0x12, 0xbb, 0x82, 0xbd, 0x9a, 0x2d, 0x8d, 0xbd, 0x30, 0x56, 0x01, 0x3d, 0x40, 0x19, 0x1f, 0x3d, 
0xd3, 0xef, 0x1e, 0xbd, 0x76, 0xf5, 0x55, 0x3c, 0x03, 0x1a, 0xa7, 0xbd, 0x56, 0xad, 0x89, 0x3a, 0x50, 0x56, 0xa7, 0x3c, 0x56, 0xc7, 0x4e, 0x3a, 0x20, 0xb8, 0x58, 0xbc, 0xb3, 0x12, 0x0e, 0x3d, 
0x6b, 0xa4, 0xbb, 0xbc, 0x1e, 0x16, 0x7e, 0x3d, 0x0f, 0x00, 0x93, 0xbd, 0x28, 0x12, 0x43, 0xbd, 0x68, 0x7a, 0x8e, 0xbd, 0xf3, 0x59, 0x9a, 0xbd, 0x73, 0x0c, 0x7d, 0x3d, 0x06, 0xf1, 0xa8, 0xbc, 
0x32, 0x10, 0x86, 0xbd, 0x76, 0x97, 0x8d, 0x3c, 0x03, 0x3d, 0x81, 0xbd, 0x40, 0x28, 0x8d, 0x3b, 0x86, 0x43, 0x22, 0x3d, 0xbb, 0x5a, 0x90, 0xbc, 0xa6, 0x78, 0x2f, 0x3d, 0x1b, 0x1d, 0x8c, 0x3c, 
0x27, 0xf3, 0x88, 0xbd, 0x70, 0x5c, 0x86, 0x3c, 0xa0, 0x09, 0x5c, 0x3d, 0x70, 0x41, 0x9e, 0xbc, 0x60, 0x09, 0x01, 0x3c, 0x60, 0x2e, 0x2e, 0x3c, 0xd6, 0xd0, 0xea, 0x3b, 0x5b, 0x75, 0xb1, 0x3c, 
0x08, 0x68, 0xa3, 0xbd, 0xc7, 0x7c, 0x81, 0x3d, 0xee, 0xde, 0x14, 0x3d, 0x16, 0x9b, 0x28, 0x3c, 0xab, 0x6f, 0x78, 0x3c, 0x1f, 0xa3, 0x89, 0xbd, 0x66, 0xea, 0xc2, 0xbc, 0xd6, 0x8c, 0x6d, 0xbb, 
0xb6, 0x46, 0xa2, 0x3c, 0xd0, 0x3d, 0x3b, 0xbd, 0x2b, 0xde, 0x10, 0x3c, 0x30, 0xdd, 0xd3, 0xbc, 0x16, 0x73, 0x78, 0x3d, 0x60, 0x7e, 0x92, 0xbd, 0xe0, 0xb8, 0x0e, 0x3c, 0x63, 0x40, 0x67, 0x3d, 
0xc3, 0x8d, 0x84, 0xbd, 0x80, 0x87, 0x1c, 0xbb, 0x46, 0xba, 0x1d, 0x3d, 0x93, 0xbc, 0x09, 0x3d, 0x40, 0x90, 0x20, 0x3c, 0xab, 0xfa, 0x09, 0x3d, 0x40, 0xf1, 0x6d, 0xbd, 0x50, 0x25, 0x8e, 0x3d, 
0x56, 0x9c, 0xf3, 0x3a, 0xf3, 0xa3, 0x5c, 0x3d, 0xfb, 0x04, 0x97, 0x3c, 0xcb, 0xe3, 0x17, 0xbc, 0xb3, 0x34, 0x12, 0x3d, 0x93, 0x03, 0xa2, 0x3d, 0x36, 0x59, 0xa8, 0x3d, 0x74, 0xa8, 0x8f, 0xbd, 
0x00, 0x9d, 0xa5, 0x3b, 0xae, 0x34, 0x75, 0xbd, 0x98, 0xe0, 0x46, 0x3d, 0x93, 0x0a, 0x75, 0x3d, 0xf6, 0xae, 0x6f, 0xbd, 0x16, 0xd2, 0x9d, 0xbb, 0x03, 0x32, 0x6c, 0x3d, 0xde, 0xb9, 0x61, 0x3d, 
0xaf, 0x51, 0x80, 0xbd, 0x78, 0x2e, 0x65, 0x3d, 0xcb, 0xb7, 0x71, 0xbc, 0xb3, 0x25, 0x91, 0xbd, 0x90, 0xfc, 0x87, 0x3c, 0xa8, 0x03, 0x1f, 0x3d, 0x6b, 0xb4, 0x4c, 0x3d, 0x93, 0x14, 0x68, 0xbd, 
0xc8, 0x38, 0x77, 0xbd, 0xc0, 0x56, 0x65, 0xbd, 0x13, 0x70, 0x41, 0x3d, 0xd2, 0x28, 0x95, 0xbd, 0x00, 0x36, 0x38, 0xba, 0xe6, 0x9b, 0xc8, 0xbc, 0x18, 0x07, 0x15, 0x3d, 0x96, 0x10, 0x86, 0x3c, 
0x70, 0x5d, 0x2c, 0xbd, 0x6b, 0x7a, 0x6e, 0x3c, 0x1c, 0x0f, 0x9d, 0x3d, 0x20, 0xcb, 0x60, 0x3c, 0x4e, 0x25, 0x29, 0xbd, 0x56, 0xd8, 0x36, 0x3b, 0x27, 0x8b, 0x9c, 0xbd, 0x86, 0xff, 0x5a, 0xbd, 
0xa0, 0x9b, 0x7d, 0xbc, 0xd3, 0xb3, 0x54, 0xbd, 0xea, 0x85, 0x90, 0x3d, 0x3b, 0x83, 0x84, 0x3c, 0x48, 0x30, 0x84, 0x3d, 0x06, 0x73, 0x9b, 0xbc, 0x4b, 0xe2, 0x3d, 0xbc, 0x10, 0x33, 0xac, 0x3c, 
0xdb, 0xfb, 0xca, 0xbc, 0xdb, 0xb3, 0xe8, 0xbc, 0x7a, 0x6b, 0xa7, 0xbd, 0x3a, 0x92, 0x80, 0x3d, 0x53, 0x75, 0x9a, 0x3d, 0x1b, 0xfb, 0xa8, 0xbd, 0xb6, 0xdd, 0xe1, 0xbc, 0x18, 0x17, 0x81, 0xbd, 
0x50, 0x8e, 0x0a, 0xbd, 0x2c, 0xee, 0x81, 0x3d, 0x1b, 0x96, 0x36, 0x3d, 0xc0, 0xe0, 0xd3, 0xbb, 0xb8, 0xc8, 0x11, 0x3d, 0x40, 0xdf, 0xcb, 0x3c, 0x7b, 0x68, 0x3a, 0x3d, 0xd6, 0x25, 0x89, 0xbd, 
0x66, 0x04, 0xd3, 0x3c, 0x22, 0xa3, 0xa1, 0xbd, 0xb0, 0x7b, 0x60, 0xbd, 0x06, 0x66, 0xfe, 0xbc, 0x0b, 0x06, 0x05, 0xbc, 0x17, 0x0f, 0xa1, 0xbd, 0xd6, 0xea, 0x07, 0x3b, 0x00, 0xfc, 0x59, 0x3c, 
0xb0, 0x76, 0x07, 0xbd, 0xd6, 0x6c, 0xdd, 0x3c, 0xec, 0x21, 0x95, 0x3d, 0x0b, 0x38, 0x69, 0xbc, 0x6e, 0xc9, 0x35, 0xbd, 0x6f, 0x2e, 0x97, 0xbd, 0x18, 0x3e, 0x79, 0xbd, 0x86, 0xc9, 0x3c, 0xbd, 
0xc6, 0x56, 0x7c, 0xbd, 0x00, 0x32, 0x06, 0xbd, 0x0e, 0x09, 0x3c, 0x3d, 0x1b, 0x9f, 0xd5, 0x3c, 0x73, 0xd3, 0x99, 0x3d, 0x24, 0x72, 0xa9, 0x3d, 0x3b, 0xd5, 0xf5, 0xbc, 0x33, 0xac, 0x05, 0xbd, 
0xcb, 0xd6, 0x3a, 0x3c, 0x1a, 0xe6, 0x87, 0xbd, 0x5e, 0xa8, 0x39, 0x3d, 0xd6, 0xba, 0x75, 0xbc, 0x76, 0xe7, 0x8e, 0xbd, 0xa7, 0xd9, 0x80, 0xbd, 0xb6, 0x33, 0x6b, 0xbd, 0xe6, 0xa1, 0xbb, 0x3c, 
0xfa, 0xd3, 0x82, 0x3d, 0x0c, 0x36, 0x87, 0x3d, 0xc6, 0xf9, 0xbb, 0xbc, 0xf8, 0x43, 0x46, 0xbd, 0xe3, 0x7e, 0x17, 0xbd, 0xe3, 0x2b, 0x69, 0xbd, 0x9b, 0x01, 0xb0, 0xbc, 0xe3, 0x22, 0x9a, 0xbd, 
0x1b, 0x71, 0x36, 0x3d, 0x73, 0xa1, 0xa0, 0xbd, 0xf6, 0x53, 0x54, 0xbd, 0xa3, 0x11, 0x65, 0x3d, 0x0b, 0x52, 0x7f, 0xbd, 0x96, 0x33, 0xa3, 0x3c, 0xb0, 0xaa, 0x7f, 0x3d, 0x7e, 0x3a, 0xa8, 0x3d, 
0x0e, 0xb6, 0x2c, 0x3d, 0x5b, 0x34, 0xb7, 0xbc, 0xcb, 0x0c, 0x43, 0x3d, 0x2b, 0x3d, 0x34, 0xbb, 0x5b, 0x7e, 0xd2, 0xbc, 0xab, 0x4a, 0x8e, 0x39, 0xdb, 0x20, 0x99, 0x3c, 0xeb, 0xde, 0x64, 0x3d, 
0x8e, 0x47, 0x0f, 0x3d, 0xc0, 0xfb, 0x22, 0x3d, 0x20, 0x40, 0x4c, 0x3c, 0x56, 0x70, 0x89, 0xbb, 0x26, 0x53, 0x0f, 0x3d, 0x56, 0x32, 0xa4, 0x3c, 0x2c, 0x4f, 0xa3, 0xbd, 0x96, 0xbd, 0x5c, 0x3c, 
0x58, 0x95, 0x17, 0xbd, 0x23, 0x02, 0x35, 0xbd, 0x03, 0x01, 0x04, 0x3d, 0xfb, 0x98, 0x8b, 0x3c, 0xcb, 0x35, 0x67, 0x3c, 0x43, 0xec, 0x21, 0xbd, 0xa6, 0xb8, 0x1d, 0x3d, 0xb6, 0x28, 0xa0, 0x3d, 
0xeb, 0x07, 0x27, 0x3c, 0x08, 0x4c, 0x0c, 0x3d, 0x0c, 0xbb, 0x95, 0xbd, 0xc8, 0xeb, 0x4a, 0x3d, 0x76, 0x26, 0xed, 0x3c, 0xbe, 0xc7, 0x19, 0x3d, 0x18, 0x57, 0x0e, 0x3d, 0xe0, 0x8e, 0xb3, 0xbc, 
0x96, 0xe8, 0xa3, 0xbb, 0x92, 0x14, 0xa5, 0x3d, 0x10, 0xc4, 0x79, 0x3d, 0xee, 0xa9, 0x74, 0xbd, 0x36, 0x69, 0x87, 0x3d, 0x54, 0xda, 0xa9, 0x3d, 0x8b, 0x8e, 0x33, 0x3c, 0xae, 0x26, 0x85, 0xbd, 
0x1b, 0x54, 0x84, 0x3c, 0x36, 0xdf, 0x89, 0xbc, 0x08, 0x6a, 0x75, 0x3d, 0x4c, 0xf9, 0xa3, 0xbd, 0x60, 0xb2, 0xae, 0x3c, 0x56, 0x1c, 0x80, 0xba, 0x40, 0xf7, 0xd6, 0x3b, 0xeb, 0xcc, 0x6a, 0x3d, 
0xab, 0x50, 0xc5, 0x3a, 0x84, 0x66, 0x89, 0xbd, 0xce, 0x1c, 0x47, 0xbd, 0xd3, 0xab, 0x08, 0xbd, 0x00, 0x9d, 0x11, 0x3c, 0x73, 0xb8, 0x03, 0x3d, 0x4b, 0xd9, 0x7e, 0xbc, 0x80, 0xb7, 0x06, 0xbd, 
0x7b, 0xc7, 0x15, 0x3d, 0xc8, 0xf0, 0xa5, 0xbd, 0x70, 0x84, 0x6e, 0x3d, 0x56, 0xb7, 0x1e, 0xbc, 0x7e, 0x82, 0x6d, 0x3d, 0x47, 0xf5, 0x80, 0x3d, 0xb6, 0xda, 0x11, 0x3c, 0x36, 0xf2, 0xd7, 0x3c, 
0x73, 0x0f, 0x41, 0xbd, 0x56, 0x8f, 0x74, 0x3d, 0xde, 0xc7, 0x47, 0x3d, 0x0b, 0x70, 0x56, 0xbc, 0x40, 0x0b, 0x05, 0x3d, 0x16, 0xf4, 0x98, 0xbb, 0x16, 0x57, 0x85, 0x3d, 0x16, 0x82, 0x0c, 0x3d, 
0x18, 0xd9, 0x78, 0x3d, 0xe6, 0x21, 0x9b, 0xbd, 0xfc, 0x48, 0xa6, 0x3d, 0x50, 0x59, 0xfe, 0x3c, 0x3b, 0xf3, 0x25, 0x3d, 0x3b, 0x1e, 0x98, 0x3c, 0xee, 0x2e, 0x60, 0x3d, 0x56, 0xab, 0xa0, 0x3d, 
0x6b, 0xa0, 0xe8, 0xbb, 0x14, 0x09, 0x8c, 0xbd, 0x8a, 0xb7, 0x9c, 0x3d, 0xf6, 0xf7, 0x8f, 0xbc, 0xf0, 0x9d, 0x24, 0xbd, 0xb3, 0x1e, 0x52, 0x3d, 0xa6, 0x7d, 0x3e, 0x3d, 0x36, 0xcb, 0x36, 0x3c, 
0x00, 0x69, 0xab, 0xbb, 0x40, 0x98, 0x82, 0xbc, 0x64, 0x7c, 0x9c, 0x3d, 0x1e, 0xf8, 0x4f, 0x3d, 0xb8, 0x46, 0x4b, 0x3d, 0x2b, 0xa9, 0x59, 0x3d, 0xd6, 0xa3, 0x32, 0xbd, 0x9b, 0x89, 0x8e, 0x3c, 
0x58, 0xa4, 0x93, 0xbd, 0xc0, 0x4e, 0x46, 0x3d, 0x87, 0x2a, 0xa9, 0xbd, 0xa3, 0x90, 0xaa, 0xbd, 0x70, 0xb3, 0xa8, 0xbd, 0x3b, 0x7d, 0x52, 0x3d, 0x16, 0x17, 0x0e, 0x3c, 0x56, 0xb5, 0x46, 0x39, 
0xab, 0x29, 0x59, 0x3c, 0x93, 0x2d, 0x01, 0xbd, 0x06, 0x4d, 0xcf, 0xbc, 0x60, 0xeb, 0x65, 0xbd, 0x00, 0xb8, 0xa6, 0xbc, 0xee, 0x08, 0x52, 0xbd, 0xd6, 0xb0, 0x0f, 0x3b, 0x08, 0x18, 0x86, 0x3d, 
0xbc, 0x16, 0x8d, 0xbd, 0xa3, 0xdb, 0x27, 0x3d, 0x10, 0xe2, 0x7d, 0xbd, 0x2e, 0x6c, 0x0d, 0xbd, 0xdb, 0x7d, 0x85, 0x3c, 0xd6, 0xed, 0x6a, 0x3c, 0xab, 0xf5, 0x8b, 0x3d, 0x00, 0xc0, 0x02, 0xb8, 
0xcb, 0x00, 0x02, 0xbd, 0x26, 0x2a, 0x0d, 0xbd, 0x80, 0x1d, 0x20, 0x3b, 0x0b, 0xf1, 0x7f, 0xbd, 0x08, 0xd0, 0x85, 0xbd, 0x43, 0x0b, 0x12, 0xbd, 0xd6, 0x4a, 0x0c, 0x3b, 0x36, 0x84, 0x66, 0xbd, 
0x2b, 0xd8, 0x42, 0xbd, 0xdb, 0xb5, 0x73, 0x3d, 0x5f, 0xb7, 0x9d, 0x3d, 0xd6, 0xd5, 0xd5, 0xbc, 0xde, 0x6b, 0x92, 0xbd, 0x40, 0xae, 0x02, 0xbd, 0x4e, 0xc3, 0x09, 0x3d, 0x56, 0x8e, 0xdd, 0x3c, 
0x60, 0xa0, 0xd3, 0xbc, 0x38, 0x4f, 0x96, 0xbd, 0x0b, 0x45, 0xcd, 0xbc, 0x06, 0xa4, 0x98, 0xbc, 0xa8, 0x8f, 0x44, 0x3d, 0xc8, 0x41, 0x29, 0xbd, 0x36, 0xdb, 0x4c, 0x3d, 0xa0, 0x65, 0x3d, 0x3c, 
0xd6, 0xd3, 0x64, 0xbc, 0x40, 0x18, 0x98, 0xbd, 0x5e, 0x7e, 0xa8, 0x3d, 0x40, 0x76, 0x73, 0xbc, 0x36, 0xc4, 0x56, 0x3d, 0x9b, 0x8f, 0x30, 0xbd, 0x50, 0x33, 0xa6, 0xbd, 0xeb, 0x09, 0x88, 0xbd, 
0xa6, 0xed, 0x2e, 0xbd, 0x5b, 0x68, 0xd9, 0xbc, 0xab, 0xcd, 0x40, 0xbc, 0xa4, 0x56, 0x8e, 0x3d, 0x17, 0x66, 0x9d, 0xbd, 0x7b, 0x5d, 0x2a, 0x3d, 0x94, 0x9a, 0x8f, 0x3d, 0x00, 0x9a, 0x0c, 0x3a, 
0xae, 0xde, 0x54, 0xbd, 0x2b, 0xad, 0x2e, 0x3b, 0x80, 0xf4, 0xa1, 0x3c, 0xd0, 0x06, 0x17, 0x3d, 0x76, 0x82, 0xcf, 0xbc, 0x8b, 0x45, 0xea, 0xbc, 0xf6, 0x07, 0x21, 0xbd, 0x3b, 0x12, 0xa5, 0xbd, 
0x30, 0xc2, 0xef, 0x3c, 0xcb, 0x06, 0x81, 0xbd, 0x20, 0xfa, 0x23, 0xbd, 0x00, 0xce, 0x60, 0xba, 0x50, 0x91, 0x83, 0x3d, 0xf2, 0xbe, 0x97, 0x3d, 0xb3, 0x45, 0x78, 0xbd, 0x5a, 0x04, 0x94, 0x3d, };
unsigned int conv_weight_size = 18432;
